Block,Rainfall_mm,Groundwater_Level_m,Population_Growth_%,Water_Scarcity_Index,Risk,bis_Risk_Prediction,bis_Risk_Probability
Palus,681.1144682411266,12.994030329578957,2.9741863213604747,0.3067765995221412,1,1,0.9921465968586387
Kavathemahankal,880.1249954092455,1.3112338654189326,3.809035064126657,0.3529585034523566,0,0,0.0
,1001.0487399436366,16.265124114342182,4.9712673559962814,0.6212924490496101,0,0,0.0
Shirala,1009.3961187529484,9.581231115534479,1.5259564795919265,0.3340499656687692,0,0,0.0
Khanapur-Vita,909.9869057041512,13.32454845021255,2.098926102078078,0.7326990505902804,0,0,0.0
Palus,1124.5699864694998,6.880282218623408,2.5783043023905856,0.4045273855738697,0,0,0.0
Valva-Islampur,786.4759141234811,11.838321715187709,2.6873127141553255,0.06835320030995862,1,1,0.9319371727748691
Kadegaon,971.5241029957413,6.839753310479032,2.644084301062183,0.7837598424841072,0,0,0.0
Palus,1024.0591263423798,8.128693117912585,4.63044401022622,0.285758324592706,0,0,0.0
,1102.8877668117498,15.742094061600358,3.8561305778674257,0.43276687959926263,0,0,0.0
,1142.322975617778,9.42795279770996,3.431620856362815,0.6854438832219015,0,0,0.0
Shirala,775.0715816324262,10.652298619539168,2.2374908714511283,0.332456157148712,0,0,0.0
Khanapur-Vita,693.1771658528755,12.610203192066262,4.295161536885178,0.056585656146715624,1,1,0.9633507853403142
Kavathemahankal,1255.5353643797018,11.487045663917813,4.820242045939956,0.3739210470128136,0,0,0.007853403141361256
Shirala,1066.4628023959183,10.451256715430729,4.284793130200907,0.9444485826943034,0,0,0.0
Shirala,850.3026926886893,11.094883007398677,1.0062604207658916,0.6417343972985582,0,0,0.049738219895287955
Kadegaon,1310.2303951045046,17.210246755714827,3.545605480733628,0.6714791486672069,0,0,0.007853403141361256
Miraj,1023.1349268585717,9.827143608899243,1.204541525768403,0.6322821536376398,0,0,0.0
Khanapur-Vita,1235.8594368127654,10.603297140144903,2.0304288813348874,0.1989921389594368,0,0,0.0
Jath,1013.5036962820218,13.151963188022837,1.2380988013910867,0.41833386410228013,0,0,0.0
Shirala,1412.1495849763974,13.31657779887395,3.415181811797551,0.7509397983633183,0,0,0.0
Miraj,1351.0681684886408,13.56109091668114,3.746359653970427,0.10137289755315915,0,0,0.005235602094240838
Jath,950.2071703041853,11.916190666087553,1.4579505522636205,0.27785277608971226,0,0,0.0
Khanapur-Vita,1194.3141901908712,6.570985261808549,2.535355532179918,0.2763191084658536,0,0,0.0
Atpadi,1129.0751899170295,14.900294596903288,2.824946035822168,0.432018927594506,0,0,0.0
Valva-Islampur,1273.7263115064698,6.560963820943936,2.4762120870436664,0.9803687409421851,0,0,0.0
Miraj,807.0153078839792,10.907906395717099,1.4841000019407722,0.06750254668382194,0,0,0.01832460732984293
Tasgaon,1137.2102919996878,7.7371724499419265,2.6757911607499016,0.518700994380595,0,0,0.0
Atpadi,1211.6848973699175,9.807584960221023,4.004712191233672,0.17936468201221045,0,0,0.0
,648.2521027153771,10.986287230910442,1.2840306581330219,0.9706765454097441,0,0,0.041884816753926704
,763.348297466845,10.964071646350819,1.3207200563276138,0.1133035047274642,0,0,0.041884816753926704
Valva-Islampur,592.1535644479799,11.265762262705854,2.419085167343937,0.40360100236159124,1,0,0.4397905759162304
Kadegaon,946.1186331110885,14.841133807175941,4.7669028464757,0.7378849848346062,0,0,0.0
Palus,1143.5084511591924,11.36060290454194,3.674290586891656,0.7045544280274453,0,0,0.0
Kavathemahankal,1300.4714104192055,9.267530094128054,3.714679826690259,0.42272863689393225,0,0,0.0
Tasgaon,1014.8189560839551,12.892261504865072,2.44767996335146,0.34652416795271823,0,0,0.0
Kadegaon,1325.7231091142585,13.568411466773922,3.3746431648341537,0.39761237855287057,0,0,0.0
Khanapur-Vita,723.9797083570218,6.317176554589023,1.0405247361109735,0.2642762631586393,0,0,0.007853403141361256
Kadegaon,659.323512128969,11.792200209549573,3.544384185638169,0.2053329387067998,1,1,0.9581151832460733
Palus,988.8904602206762,12.103518226932696,4.653147790304947,0.48303969755889,0,0,0.005235602094240838
Khanapur-Vita,1076.8130897878614,9.107309489920024,3.4502938733792767,0.2685337560676073,0,0,0.0
Tasgaon,993.4610503811814,14.127120439934858,4.49479437386538,0.2874616648972501,0,0,0.002617801047120419
Palus,586.5115799920247,9.54983323890242,3.8958922218643752,0.6567560634745571,0,0,0.013089005235602094
Jath,982.1759920974423,10.376729360414627,1.482233665614761,0.9685373316998922,0,0,0.0
Kavathemahankal,739.1060998990293,9.48078452714839,4.609813229143366,0.6036372005593751,0,0,0.034031413612565446
Tasgaon,1133.9345097660077,10.046737142744403,1.2657753774230995,0.07697946706496628,0,0,0.0
Jath,1073.3196492193697,6.711174739314394,3.135869890191055,0.07558361385406698,0,0,0.0
Valva-Islampur,812.024042734529,5.6798473522171165,1.5685484951738307,0.951423220845566,0,0,0.013089005235602094
Tasgaon,897.2266165326613,14.783515189674917,1.0468264429236163,0.29729079030733363,0,0,0.0
Valva-Islampur,788.1572956222096,7.459115955045016,2.688137040510556,0.09206698608247543,0,0,0.015706806282722512
Khanapur-Vita,987.4641805453656,7.025822951631079,2.180162830616625,0.5990445871503816,0,0,0.0
Jath,1191.0284641002477,3.5398296591888556,2.944001975190412,0.6236487782902661,0,0,0.0
Kavathemahankal,802.8547907328913,8.083114756931494,3.308799546938203,0.6485048201186882,0,0,0.005235602094240838
Palus,1100.809303103569,6.030730619777505,1.1749562892357894,0.2674020278575413,0,0,0.0
Shirala,893.9484763255118,14.926045480409108,1.4920131804949825,0.015110684214475034,0,0,0.007853403141361256
Kadegaon,841.4254335475312,13.029451268027902,3.2345695858017014,0.9650153694544719,1,1,0.6335078534031413
Atpadi,978.5939280090885,7.935548964466829,2.372669412690633,0.2508930456911025,0,0,0.0
Kavathemahankal,792.9515355161252,16.757307416032926,3.916693950197792,0.6760262880525475,1,1,0.9790575916230366
Jath,889.2701389305636,12.945296460974783,3.6091665943677587,0.7066298698787096,0,0,0.007853403141361256
Shirala,760.4244214822303,9.025505849474133,4.382417451959627,0.6100074170794857,0,0,0.0
Kavathemahankal,1392.945026583278,2.5017828553792807,3.769971306676901,0.3129073942136482,0,0,0.0
Jath,1007.0527103943457,16.872827717772225,2.7197243095605925,0.27109625376406576,0,0,0.013089005235602094
Miraj,860.0548984014829,5.831282599709212,3.6918664895777296,0.5976682827027031,0,0,0.0
Miraj,1042.7959821468444,5.063803759129325,2.101524697021674,0.8660956336116915,0,0,0.0
Valva-Islampur,977.5343900618341,13.067711296028921,2.2252539951128507,0.9467337289233956,0,0,0.0
Kavathemahankal,955.8060800933554,17.319257219017818,4.155940639683173,0.10590580440375763,0,0,0.020942408376963352
Miraj,1122.8333400086851,14.152818455531555,2.7856780656063287,0.15482861259771985,0,0,0.0
Jath,1151.501542009461,11.69172736015708,4.19352136207341,0.9447362587830797,0,0,0.007853403141361256
Valva-Islampur,893.8997704778945,11.784263024995859,4.289689494673114,0.7365352283347926,0,0,0.005235602094240838
Jath,884.836351871064,12.560246676340924,4.430249350645135,0.8829938248297731,0,0,0.005235602094240838
Valva-Islampur,944.9896605696712,12.276785769360295,4.666540943364829,0.20263263413534316,0,0,0.005235602094240838
Kavathemahankal,539.615767052883,10.843574271908128,2.723940882053185,0.5875858711094019,0,0,0.0
Shirala,696.9617875602896,10.312603311855629,2.2754672732845553,0.7011395944174736,0,0,0.005235602094240838
Palus,1273.374853488905,9.812220616301433,3.3287949863764554,0.6801118854469727,0,0,0.0
Tasgaon,1328.9935427002567,7.7381062333999715,2.4846896937505103,0.4081516908666981,0,0,0.0
Shirala,950.1927920887243,9.157974769399678,3.404296667200932,0.015394891691308477,0,0,0.0
Khanapur-Vita,1115.3113926111532,4.921129557413844,3.8223434505752985,0.5829260568042631,0,0,0.0
Jath,1062.2500309087072,9.70498111961575,3.7536200739685475,0.25310153917960876,0,0,0.0
Khanapur-Vita,1615.7761616910475,7.034226678547247,2.4982115480804854,0.45025424614289034,0,0,0.0
Shirala,1223.9149822869153,6.689232048352688,1.6674408067950113,0.9575810150838173,0,0,0.0
Valva-Islampur,974.4164817038467,10.539682453460436,2.72211735384883,0.3990353176424347,0,0,0.0
Tasgaon,808.8919118799149,14.176006859033798,1.570376576327635,0.8398016066644267,1,1,0.9581151832460733
Tasgaon,678.7107359484855,12.754949818006939,4.560388140735233,0.18854060574925113,1,1,0.9921465968586387
Atpadi,1040.6927271734446,5.288498189130469,2.3835098429514296,0.6724604980250288,0,0,0.0
Tasgaon,848.7298509431394,7.031115590288987,1.6178389888932951,0.9770069544389435,0,0,0.015706806282722512
Palus,715.5492580804652,12.822313563964649,1.1017910396230035,0.10189310087293679,1,1,0.981675392670157
Tasgaon,870.6854231514947,7.052537819385071,3.583289545145937,0.008319942227192012,0,0,0.0
Shirala,783.6903992771211,9.326100550008926,3.547609269818973,0.43358279263261434,0,0,0.0
Atpadi,1337.428327014513,11.650156297073655,2.3624166663251667,0.0926254830513672,0,0,0.007853403141361256
Shirala,1176.3279513898901,7.094966635409094,1.286847555390604,0.7483843496762314,0,0,0.0
Shirala,998.4054717366765,10.31612651843788,2.638515579580928,0.9145486638485589,0,0,0.002617801047120419
,1295.988827778005,5.997923515245387,2.2448699802535743,0.43402097270875883,0,0,0.0
Kadegaon,1015.4736615295236,8.195897068146358,3.7084825589400374,0.25871164215544096,0,0,0.0
Atpadi,827.7431597343473,10.959345802427611,3.4231169978107614,0.4344033190066098,0,0,0.01832460732984293
Shirala,1304.6248154539314,5.221018799404992,2.45837491279016,0.723447817850001,0,0,0.0
Kadegaon,1107.7820087369316,11.321424213881198,1.8715702170199604,0.009054161580370979,0,0,0.0
Kadegaon,792.5507691347087,9.941086603219956,4.952143864622368,0.5894539894846972,0,0,0.010471204188481676
Atpadi,961.9322643832784,11.657469863251443,2.8160064847844595,0.6132916848873791,0,0,0.007853403141361256
,824.8763493230485,10.671742402193985,3.753096943120948,0.6376882468959355,0,0,0.010471204188481676
Khanapur-Vita,723.4400538071328,14.092421289921532,1.562211870313443,0.2420220799808772,1,1,0.9869109947643979
Valva-Islampur,1185.2355095063283,10.375673507943722,2.942358798637591,0.7140527233781268,0,0,0.0
Palus,1381.8833280940262,8.711783376624242,1.110146879477862,0.0913914863317764,0,0,0.002617801047120419
Valva-Islampur,720.2864852361718,10.366892509096852,3.0218204716418,0.1992703364668008,0,0,0.02617801047120419
Tasgaon,1112.593847338114,11.629894087109165,4.856069628470809,0.8774700466544819,0,0,0.002617801047120419
Palus,869.8714861756346,10.146580210977113,2.536826851943201,0.7387231507265664,0,0,0.0
Tasgaon,902.5749232470608,10.121775073611648,1.1559840502996463,0.013745554011345251,0,0,0.0
Shirala,881.5212151522262,7.894024936579734,1.1238231636773741,0.2483762603698002,0,0,0.0
Jath,827.2018460640368,8.011297247347155,2.551947039787478,0.21440648299316456,0,0,0.020942408376963352
Atpadi,1009.7043255889654,5.792184184600919,1.6400997458527762,0.2708063280369726,0,0,0.0
Palus,833.8099767177924,15.248730229560818,1.0934083853127436,0.2475597702798864,1,1,0.9057591623036649
Palus,1054.0913651559677,6.268410293826145,4.024854455800707,0.06252629574284574,0,0,0.0
Shirala,989.9523781101726,7.921284406612278,2.8340920355275627,0.45894051659682034,0,0,0.0
Khanapur-Vita,952.2103906267181,7.844778203292408,2.156979087890618,0.7327334747861651,0,0,0.0
Kadegaon,818.4872675916804,12.684773130833324,4.600332732065922,0.6067317247174364,1,1,0.9607329842931938
Shirala,884.6457338863335,9.115150965123917,1.4645558408021024,0.6728716685980798,0,0,0.0
Miraj,1151.0782451651512,13.743226218021201,4.823675315821276,0.08114917853623915,0,0,0.005235602094240838
,1100.1834375248761,7.979528127268394,2.2558668695094113,0.9514907101767872,0,0,0.0
Kadegaon,804.4889510402897,10.836982486671406,4.553614689234725,0.8384918338430248,0,0,0.01832460732984293
Atpadi,1019.8664610858452,7.493958840220728,3.411771505917846,0.8050903184956627,0,0,0.0
Kadegaon,1150.277424674358,16.435447383320167,4.30682943896595,0.8229838050417675,0,0,0.0
Khanapur-Vita,666.1189437757257,6.437204742911462,4.936052652841857,0.9327105081327614,0,0,0.07329842931937172
Kadegaon,1108.672038475987,10.929462130681083,2.153621751274983,0.5442539661136977,0,0,0.0
Atpadi,867.4752482108306,11.901330642796296,4.844541941630371,0.2002820178676259,0,0,0.007853403141361256
Khanapur-Vita,1114.1197337186318,11.241397292354495,2.5579275796096814,0.6167836078525412,0,0,0.0
Valva-Islampur,847.3481686914967,9.444137023366874,2.5420476189476893,0.742881493667939,0,0,0.005235602094240838
Palus,639.0235798670963,9.610537900799722,2.3615484170180228,0.7379173933540254,0,0,0.0
Palus,674.4915124233675,10.13143441593733,3.165630429390341,0.5214490241668801,0,0,0.007853403141361256
,1009.6169893322764,9.558993995114534,1.6165801727139484,0.06845871933357806,0,0,0.0
Tasgaon,1051.9445003442963,12.891637350384729,3.2148459414320447,0.3711129384301278,0,0,0.0
Valva-Islampur,819.1366749791183,16.631569004774054,3.166819249640016,0.9207666084633573,1,1,0.9764397905759162
Valva-Islampur,1127.7184917554748,8.3275246449765,4.04760725041948,0.584448909757426,0,0,0.0
Kadegaon,667.695987546208,5.890591061262766,4.334599847750342,0.5383319432557134,0,0,0.02356020942408377
Palus,986.7840402705367,9.735153854946235,2.761765401249696,0.2688535143821935,0,0,0.0
Atpadi,757.7967600475087,17.739128012962958,2.209332997405975,0.3684489199165789,1,1,0.9528795811518325
Kavathemahankal,869.6327784395681,7.588976296090808,2.037339589268378,0.8953460891531693,0,0,0.0
Kavathemahankal,1009.4797342632828,14.917350416332201,1.7784953468194877,0.6664630475268357,0,0,0.002617801047120419
Khanapur-Vita,827.9173269432096,15.033102442229321,1.2305903287960995,0.7873870267523329,1,1,0.9293193717277487
Palus,923.088891154035,8.339235274876016,2.3697919153388534,0.45434542306765513,0,0,0.0
Palus,1201.2585618428882,11.706949237555826,2.080990768523133,0.6302472194561579,0,0,0.0
,884.6216260953703,14.885189869385615,4.865669543465629,0.24838360874320753,0,0,0.002617801047120419
Kavathemahankal,1167.1384224130284,8.86261677703754,3.2308353050001757,0.7054608302834863,0,0,0.0
Palus,774.0586290684764,9.389258919692915,2.38910815612203,0.4276013337033373,0,0,0.0
,1105.9608355830565,8.254957258154068,3.321870403974784,0.4425455148147456,0,0,0.0
Kadegaon,1288.31372413158,6.955729807921399,1.556786805382782,0.6493223245768817,0,0,0.0
Miraj,505.67109997454213,8.052167364801978,2.7761749968088116,0.9362806214689267,0,0,0.020942408376963352
Jath,840.6209489059047,6.32817919971323,3.5049372856842553,0.06400634660862092,0,0,0.015706806282722512
Valva-Islampur,1115.414425436108,10.102250404777678,2.9555913271698055,0.8247432373470076,0,0,0.0
Tasgaon,959.3909227914014,7.690080306824075,2.607115202617297,0.2923831104121931,0,0,0.0
Khanapur-Vita,1074.2291746742617,10.701357735372243,4.975393555598792,0.4439194545063778,0,0,0.0
Miraj,879.2029626568359,5.332313061389118,4.521259048595708,0.021913328775008956,0,0,0.0
Kavathemahankal,1017.31795749458,10.99264069664337,3.4936238326377604,0.30104607783431303,0,0,0.0
,968.864552921584,12.500586884826774,3.277509444729131,0.5026312426301305,0,0,0.0
Valva-Islampur,1233.5564123319614,4.018793072285634,3.482641919298336,0.05617607734743901,0,0,0.0
Palus,1050.8841686602427,11.122169709542716,1.805248431289733,0.49109572938316515,0,0,0.0
Tasgaon,1067.5205324150404,13.683006977419875,2.5805509730572744,0.9271106288584273,0,0,0.0
Palus,917.6246067755065,6.371076943926384,1.1578381315635973,0.10539321810780522,0,0,0.002617801047120419
Atpadi,902.4787551855013,15.01771716051311,2.9021841499473067,0.7644407280755043,0,0,0.0
Atpadi,913.4883624360758,11.257057028098135,3.1720983358306527,0.40967105337599263,0,0,0.0
Tasgaon,1078.8904284756593,7.884964432724773,1.9109989444128384,0.655173714524338,0,0,0.002617801047120419
,915.8031038359475,9.832692767026883,4.8561153886620545,0.26023659798522936,0,0,0.0
Tasgaon,1057.9549713792826,11.674980737565168,4.637818443748968,0.1594922625413583,0,0,0.002617801047120419
Kavathemahankal,1415.0801597290879,10.228016174237235,3.8885729418236235,0.16046261427122643,0,0,0.0
Tasgaon,1174.2249406863384,11.616267977339108,3.1335465150614503,0.07049194564314465,0,0,0.002617801047120419
Kadegaon,934.7952935664317,7.237979220761901,4.47987663859074,0.18564670490124302,0,0,0.0
Palus,1240.242784432789,10.508082472108233,1.5226093752938517,0.6642193849889683,0,0,0.0
Miraj,918.3849253956897,5.758856509285059,4.16203917709954,0.881690611843508,0,0,0.0
Shirala,592.3750929644292,9.6663218159539,1.4992832558673932,0.8141256855911618,0,0,0.002617801047120419
,798.3827378165192,7.288277075605631,4.176842650197622,0.6851343098744841,0,0,0.002617801047120419
Tasgaon,625.8416157948288,7.7934101722307005,2.103070273005428,0.11043186341110267,0,0,0.02617801047120419
Khanapur-Vita,929.6973031917382,13.708279525631312,4.508362324072756,0.28918744629594983,0,0,0.0
Atpadi,1003.6836758379103,13.273930361782806,4.776168375301591,0.309806875322469,0,0,0.0
Kadegaon,1335.2874624550566,11.82741436272153,1.5951838776204625,0.24995694639762123,0,0,0.0
Valva-Islampur,1065.3854747528326,6.723061705982263,2.850702420261574,0.5150056597097231,0,0,0.0
Shirala,956.1798942382271,9.050774650915594,4.92394951265074,0.5355538148796726,0,0,0.0
,1165.8811162366978,13.63929309993755,2.9336297438925865,0.3568859751711102,0,0,0.0
Miraj,557.7729381984229,10.425150740919713,4.45419009005818,0.353789158736436,0,0,0.015706806282722512
Shirala,1047.1229116217132,16.957988619945084,3.3549260885252794,0.8285555979060814,0,0,0.01832460732984293
Tasgaon,1154.1730387773935,11.179953518183115,2.5013196316784074,0.7892928483196856,0,0,0.0
Kavathemahankal,704.2827508440316,10.576147349470094,2.143134222103481,0.30779583168074565,0,0,0.007853403141361256
Atpadi,1228.750808641386,9.072650607392497,1.812892364344349,0.9137884438732593,0,0,0.0
Atpadi,1067.6992814988828,10.400622714346847,4.047192765510789,0.952815017002506,0,0,0.0
Valva-Islampur,916.9424172198397,9.542590490858368,2.5461620272921115,0.32674254203004083,0,0,0.0
Kavathemahankal,1126.556373221257,12.12432603006577,3.0451018488030046,0.35442494879305486,0,0,0.005235602094240838
Palus,1454.1385715608792,12.870106950383752,2.9693019200047277,0.5056341534219588,0,0,0.002617801047120419
Jath,1036.373251011699,7.642031618476151,3.309116116932525,0.9411208125336735,0,0,0.0
Kadegaon,1049.644117260067,6.006301139326666,4.462308582498209,0.8763194331423115,0,0,0.0
Atpadi,908.1278200919512,4.49138388069011,4.922957374333718,0.1025679625835898,0,0,0.002617801047120419
Khanapur-Vita,830.0311261070417,11.523973980737631,2.6303368342952678,0.3927307432714162,1,1,0.837696335078534
Atpadi,1166.067163308849,6.689900181478379,4.310075688425212,0.5533711897497718,0,0,0.0
Shirala,828.7832348182266,3.5413282211425514,4.058111178618871,0.50313247255154,0,0,0.015706806282722512
Atpadi,1014.3132474438785,11.165735813592892,3.294115805822293,0.19386306793689267,0,0,0.0
,904.4685106469767,17.47899855229837,4.824188574447732,0.8588167711681547,0,0,0.005235602094240838
Atpadi,1095.7959651492783,9.98178726538032,1.8018980621136111,0.6769407829968374,0,0,0.0
Jath,1066.7324210573897,12.515472323354926,1.4370568412384856,0.8379083748518036,0,0,0.002617801047120419
Jath,1207.5079888515797,10.245488075642696,4.415847867821689,0.8587642793494722,0,0,0.0
Miraj,897.9967202290507,9.703331040426573,2.756599266534993,0.7483558536657398,0,0,0.0
Palus,946.0250129413257,12.757229448963306,4.387875416828242,0.43921060124971734,0,0,0.002617801047120419
Khanapur-Vita,804.2472568435385,9.129176367434045,4.572360820781659,0.6105467550154245,0,0,0.0
Atpadi,911.1413479847777,10.80217694221571,1.2498303744762858,0.16036540611974315,0,0,0.0
Atpadi,1075.4600986089704,10.96509341858804,4.533859051944242,0.6736454174749077,0,0,0.0
Kadegaon,1151.3977233290705,7.995728639070854,2.7932762214776887,0.17925325573928075,0,0,0.0
Jath,815.5669351644749,12.976127048609568,3.041729956016929,0.6939495905101568,1,1,0.9869109947643979
Khanapur-Vita,1173.921184021132,9.475120729913774,3.506370044372841,0.22959816075396866,0,0,0.0
Valva-Islampur,1271.1275717609901,7.7327645215214655,4.7055304269203475,0.11755130015021997,0,0,0.0
Miraj,1082.6869806447403,11.60952953071121,1.0764643777190561,0.16528449014295743,0,0,0.0
Palus,1375.3591625116132,7.304596054626888,2.9073738732712684,0.001992135219070268,0,0,0.0
Kavathemahankal,845.2421601792854,10.084543472107384,3.7508881697222427,0.7187396178535302,0,0,0.002617801047120419
Palus,751.0690593377166,9.97264301006739,3.890827830792914,0.7324010490583791,0,0,0.0
,644.2559502191443,13.257686697494734,3.770129726148432,0.5149333499132595,1,1,0.9240837696335078
Shirala,1299.2088622978367,11.424094698639859,1.5377405176324874,0.1613628010553837,0,0,0.0
,1130.8731312708114,9.924919123764568,2.197582353486725,0.08355433751068975,0,0,0.002617801047120419
Atpadi,988.883065817909,12.453298897600861,2.434862101668054,0.01912896643728701,0,0,0.002617801047120419
Miraj,1055.993725263964,14.170622647051939,4.21774883071802,0.1657481769652207,0,0,0.002617801047120419
Shirala,774.9021905403247,11.673430919055587,2.115039489658212,0.8908555349831467,1,1,0.8612565445026178
Khanapur-Vita,1489.1503959233653,10.031057859530142,1.8428198554688127,0.24153684170168177,0,0,0.0
Kavathemahankal,1025.8442363950455,6.064491302949522,4.829792076152385,0.35427132721721566,0,0,0.0
Jath,1021.8789589209786,6.804659010773882,1.0354531404538756,0.10534548448133318,0,0,0.002617801047120419
Miraj,1145.1533247797383,9.084325886935996,4.991283422727912,0.22236130474817029,0,0,0.0
Miraj,1096.2018463473426,8.171463393522151,3.7072851954295825,0.5192245707802051,0,0,0.0
,1044.7768048558262,9.439086091043663,4.313877197796469,0.6077526830956526,0,0,0.0
Atpadi,841.9051089109377,10.169949774691322,2.1784775853847727,0.24535231416621106,0,0,0.01832460732984293
Tasgaon,1094.2936714271991,11.589078263070192,1.05726111066824,0.05773215922511721,0,0,0.0
,1376.4048992950068,9.788503665822727,3.95147807424612,0.39103286912739865,0,0,0.0
Miraj,1269.0840092309954,11.459504931478605,4.336578388002703,0.23420337092633414,0,0,0.002617801047120419
Kadegaon,1318.6373253278794,10.193423244430361,3.9619045278140765,0.21955392322980194,0,0,0.0
Kavathemahankal,897.756864713763,4.073600300938386,1.5714011492033544,0.9598628027134553,0,0,0.0
,802.0790359482838,7.181993818543737,4.013711689027876,0.6163004859257241,0,0,0.0
Kavathemahankal,974.8426159800704,9.567737332835154,4.075691128430564,0.5568784431720959,0,0,0.0
Kadegaon,1011.1449824577389,6.370915771476677,3.6341620626802196,0.4157751035233219,0,0,0.002617801047120419
Valva-Islampur,1218.8383036941898,11.799786189988613,4.064463731182345,0.42894433343014426,0,0,0.0
Kadegaon,661.5070740570361,14.592252497031092,4.383685758710929,0.5409050038380808,1,1,0.9842931937172775
Kadegaon,1305.9100638921227,13.65628555509195,3.4544164569498337,0.6964298070361072,0,0,0.002617801047120419
Kavathemahankal,968.3984202842021,9.359671387209376,1.3544188558787162,0.7021460961818294,0,0,0.0
Palus,914.623786010516,14.472178410549855,2.9505112386688435,0.17169390770544957,0,0,0.0
Kavathemahankal,797.5791249479665,10.446002371606335,1.3105973386864203,0.500112752076627,0,0,0.01832460732984293
Tasgaon,669.0286656268461,8.988742086645882,2.6301721241297233,0.41195809503410197,0,0,0.015706806282722512
Atpadi,1164.6341167923829,8.159792009377181,2.6284259565025105,0.8705269662693842,0,0,0.0
Shirala,1014.6635934376808,9.092590940535615,1.2640393765609663,0.6314189212183764,0,0,0.0
Palus,742.0078200517892,8.835469544376313,2.3952821358779173,0.5325040664159818,0,0,0.0
Jath,740.9842455872767,10.511248667126463,1.4439923951652593,0.11539464217891737,0,0,0.03664921465968586
Shirala,932.8430601419743,10.481721943149594,4.232940840036889,0.6056378893234114,0,0,0.0
Atpadi,1333.8043050578785,10.009138060460243,4.7907521038578835,0.11720390568023342,0,0,0.0
,948.081729727279,11.31081450923905,1.2892659010317544,0.33720657556575206,0,0,0.0
Tasgaon,699.3714093763788,13.571938824359023,4.820460829166805,0.14284196481433187,1,1,0.9842931937172775
Tasgaon,950.8513871828111,12.848662406323971,3.0903063973469806,0.6920736470243689,0,0,0.005235602094240838
Jath,945.4552860504659,5.5453060946502895,2.1982627118154956,0.2062521138361526,0,0,0.0
Palus,460.6226714116857,2.338236595294136,1.307448301104654,0.391859373188026,0,0,0.013089005235602094
Valva-Islampur,989.1410266964375,12.80295973371782,3.0024970722816713,0.8956747776187787,0,0,0.0
Kadegaon,953.8130939582644,5.899363904753737,4.178062177962994,0.2043163833989703,0,0,0.0
Palus,1139.2412729626838,9.32570379432195,3.8283459090667926,0.5078050639587791,0,0,0.0
Valva-Islampur,1369.791218989069,6.489660921821922,1.200904045855895,0.419271661166022,0,0,0.0
Tasgaon,1225.3130059095515,4.594058687259941,1.291607341471614,0.018124041045729733,0,0,0.0
Kavathemahankal,946.2222618890339,11.624388184614364,2.6114931305305484,0.7927581135728128,0,0,0.0
Atpadi,778.694818251666,12.27746548090794,2.181161976191773,0.06904590631459973,1,1,0.9476439790575916
Jath,1514.671960649972,8.270468797819841,1.9295372922241913,0.4742550209769536,0,0,0.0
Atpadi,1011.8436868028977,2.2268731235652703,2.1240179956348544,0.5606782949389499,0,0,0.0
Khanapur-Vita,1002.7858583825893,8.361266655242552,4.213930973187539,0.6284264566145871,0,0,0.0
Khanapur-Vita,995.1749825779993,11.17541201620764,4.716912214527415,0.6886316293078756,0,0,0.0
,1039.616952153571,5.563265293677613,2.6204107781102657,0.2532723835227151,0,0,0.0
Palus,971.1279176152115,10.550079759337468,4.624444008529988,0.009978776658449373,0,0,0.0
Tasgaon,885.2675986239527,9.954070452481014,2.285982804991528,0.723443662354912,0,0,0.0
Tasgaon,890.6282117519215,11.737874498803265,2.9057479453751665,0.5356565993475786,0,0,0.005235602094240838
Kadegaon,993.4493459568004,10.35874110524246,1.9041159912639989,0.8361177032072488,0,0,0.002617801047120419
Kadegaon,891.315045773247,7.080793177355334,3.561904168703376,0.8213883629006943,0,0,0.0
Kadegaon,857.4308434645671,13.589714504993474,4.915924460699236,0.8433261677878832,0,0,0.06806282722513089
Kavathemahankal,1021.2860455383793,9.52441128091909,3.4139723841735146,0.48509465997954015,0,0,0.0
Shirala,949.004556515829,9.918086381470204,2.4312563364541955,0.33362839583686565,0,0,0.0
Miraj,1300.7985977165376,7.200196122780412,3.5912697839621135,0.79155820259137,0,0,0.0
Shirala,469.80603832139764,8.67015324642547,1.4916827138615503,0.45129411302925493,0,0,0.005235602094240838
Atpadi,1218.3013703844924,7.345591857919297,4.5546363210615946,0.1834421964034345,0,0,0.0
Shirala,1249.2170384995259,9.481161820229731,3.0123358031193455,0.8549740195614743,0,0,0.0
Kavathemahankal,585.32195351837,15.13512544042703,2.7973989681585683,0.8825598767723473,1,1,0.9083769633507853
,931.4624811839302,5.884296571205931,3.3434591538140768,0.4663097561401701,0,0,0.0
Atpadi,925.7118268008417,5.159315806369777,3.49913545115761,0.07569972730978747,0,0,0.0
Shirala,718.4976610564357,14.413510982480826,1.2871032249060521,0.38782608991693124,1,1,0.9842931937172775
Kavathemahankal,844.4366624818249,9.372028968544402,3.7304688848936096,0.8035376594626034,0,0,0.0
Miraj,777.8848309068343,7.99278178402025,1.9677267212621183,0.9017740285462287,0,0,0.007853403141361256
Shirala,1350.4540886847244,13.11971406218823,3.855810530026359,0.20347274249759584,0,0,0.0
Kavathemahankal,1187.1356786294923,8.183153380789408,4.290139177536787,0.06697361202527152,0,0,0.0
Kadegaon,1254.3110189988317,15.478029140640809,4.215834030210081,0.8773504531328387,0,0,0.0
Tasgaon,1144.334412808647,12.033777614017808,3.2100038696315565,0.3894049389788753,0,0,0.0
Kadegaon,774.1896457565542,8.536265775562892,3.0806795692430047,0.5417609642675633,0,0,0.005235602094240838
Tasgaon,895.0959467440452,16.471924639796512,1.5715038453576469,0.9680658120507589,0,0,0.007853403141361256
Jath,1097.8749122455836,8.182855230989984,4.101384601612542,0.06656472791422285,0,0,0.0
Jath,755.574438221611,12.226286116027921,2.0856375217868575,0.6483180074520956,1,1,0.9607329842931938
Jath,1142.5996860344776,10.897877741219476,2.986781691271786,0.07410542257486707,0,0,0.0
Miraj,951.934920368373,13.905223868196394,2.137096371710067,0.3754689284665004,0,0,0.002617801047120419
Kadegaon,925.0358384900806,14.684533590180557,1.5353134519987726,0.8038145451934468,0,0,0.002617801047120419
Tasgaon,1142.1919936406982,10.0960124471973,3.5182307875669463,0.4334722327556344,0,0,0.0
Kavathemahankal,1088.8526622972079,7.73974638896145,1.2173281392916153,0.9971823539029504,0,0,0.0
Atpadi,927.806766836184,11.37991642881735,3.9945809365048,0.5590592849466022,0,0,0.0
Kavathemahankal,1231.8659606728497,7.966853890743682,2.2703471810444666,0.3211621526359535,0,0,0.0
Atpadi,783.7873344800205,16.04016174257987,1.0005387720179413,0.22011132590475313,1,1,0.9764397905759162
Khanapur-Vita,1123.1871213888528,10.409605993248212,3.044516556948919,0.3505205342861618,0,0,0.0
Kavathemahankal,1118.6202515936768,8.904035346063674,1.1874076341104125,0.3725332737595508,0,0,0.0
Shirala,938.090712137202,10.554040917594726,2.104678231283598,0.06871367772396098,0,0,0.0
Shirala,1065.2266044484236,5.9586211314109105,3.8279059498228647,0.36957419942677316,0,0,0.0
Palus,749.7772847229394,7.085157884468045,1.2507584864874635,0.4642385197392249,0,0,0.005235602094240838
Kadegaon,1184.8054038413802,13.601241723833276,4.357353969424009,0.7227377522388047,0,0,0.0
Atpadi,963.0195727114021,8.029317163085812,1.0152796906343324,0.656729484721608,0,0,0.002617801047120419
Atpadi,895.4553958961922,6.859267051954181,1.987295476807609,0.7087656552291542,0,0,0.0
,1209.801845167378,11.609958257581859,3.9636162246082858,0.008363681876857099,0,0,0.0
Kadegaon,859.1312618914482,13.557112463988991,2.265080598917227,0.21766739958053605,0,0,0.015706806282722512
Miraj,718.3077407272881,12.1568599319952,1.4075695522640541,0.6616842883998565,1,1,0.981675392670157
Palus,688.6741652952193,12.98814305741745,2.4409356752017115,0.48398936817974714,1,1,0.9869109947643979
Miraj,1121.201990269128,7.7296147342916175,2.081573145538102,0.005313475668345946,0,0,0.0
Miraj,743.9141295007435,5.734567999774469,4.37084760864222,0.8044946424318223,0,0,0.0
Miraj,1350.9588363968728,14.50400095586646,2.2533916703405725,0.7728095732903374,0,0,0.0
Kadegaon,583.6141184232556,9.031960483473593,4.1557298871040285,0.5484191629935626,0,0,0.010471204188481676
Miraj,1339.2912736580076,9.247500950634858,4.567488579242939,0.06646332577627212,0,0,0.0
Shirala,1042.2034934405237,13.984582425547174,2.735269678306118,0.7665150495325846,0,0,0.0
,980.6573776259215,11.66869002820198,4.6397725754175685,0.583713587731364,0,0,0.002617801047120419
,891.01618263821,11.367663316244823,2.5092722158527714,0.7819599771579592,0,0,0.0
Jath,1079.827222870414,16.495007034703253,4.856313665960433,0.7517469923958404,0,0,0.0
Khanapur-Vita,992.4730595150303,8.06944530885957,1.3571580981022917,0.8030020719578371,0,0,0.0
Atpadi,1220.6603764033043,12.783520384243712,3.748077066012971,0.5180080664046248,0,0,0.0
Atpadi,1022.845529732408,10.171039374691254,2.9752561618277147,0.140324518193515,0,0,0.0
Khanapur-Vita,1030.0603522923755,10.805776836589772,2.5505952218225882,0.6711574733796887,0,0,0.0
Kadegaon,927.2775575572289,14.585405279237595,3.5308475149944036,0.6204737850519706,0,0,0.005235602094240838
Kavathemahankal,988.6108752557865,11.52350726886887,3.8154283665373248,0.7422531871990872,0,0,0.020942408376963352
Kadegaon,1061.5603537784118,11.614888237148898,1.0174530786012363,0.1698810060507353,0,0,0.0
Atpadi,657.9663214686749,13.217522011929407,1.6678123549887949,0.19497519990028922,1,1,0.9528795811518325
Atpadi,730.3629155788574,8.905141811371344,3.852184202537275,0.8904095172193285,0,0,0.015706806282722512
Khanapur-Vita,1148.652818804543,7.482370997982981,3.665541654312826,0.7499777984520708,0,0,0.0
Miraj,1034.1730876255883,6.8655724179368995,4.864190020514709,0.9082284887003229,0,0,0.002617801047120419
Kadegaon,963.2033327294641,4.1009302318719945,4.044151161003132,0.7587153211639207,0,0,0.0
Tasgaon,1003.6867866130787,16.168621389820967,4.803090830925353,0.5971553059903019,0,0,0.0
Khanapur-Vita,1069.5163410723342,6.69037490283495,3.810162006139228,0.6541327370278737,0,0,0.0
Shirala,892.0480639381277,9.336239129242685,2.1922088345577726,0.88912792394001,0,0,0.0
Atpadi,844.3390549195375,9.169560100333237,1.421459689003426,0.5788067545119405,0,0,0.013089005235602094
Khanapur-Vita,1039.1690510195363,10.922220093427303,4.127295453379743,0.6323913243283874,0,0,0.0
Kadegaon,804.3254444769937,12.44721163761789,3.5765968859036636,0.15647671600360058,1,1,0.9764397905759162
Atpadi,1081.6505511428943,12.581420465079237,1.192744049573185,0.4739212201161027,0,0,0.002617801047120419
Kavathemahankal,659.4832791524319,8.250767684293184,2.4402018636039133,0.716397111958099,0,0,0.0
Khanapur-Vita,1205.8311274651287,9.498634858640765,4.827199261937144,0.2709426983163654,0,0,0.0
Palus,1094.5194964826087,10.8477398514649,3.001604582840805,0.20225418052453492,0,0,0.0
Atpadi,1051.2059468627751,9.25392662144936,2.7309165440788186,0.31382680822441555,0,0,0.0
Kadegaon,1196.5381967891028,14.822036728059977,2.830798420637176,0.24150062799283345,0,0,0.0
Jath,1333.0948888925154,11.472924854914755,1.835530896020655,0.21491263703639585,0,0,0.002617801047120419
Tasgaon,1202.874013003626,12.204633358149453,2.474828683459181,0.42485084286808694,0,0,0.0
Valva-Islampur,631.825153733671,11.988643806002237,2.4792530239487065,0.9078385138835341,1,1,0.8743455497382199
Miraj,744.0846066528597,13.520421572455975,1.2094200807498896,0.5070596467387183,1,1,0.9869109947643979
Valva-Islampur,875.0362844608642,10.54306467611112,4.070270514071673,0.18792038081532303,0,0,0.0
Kadegaon,1005.2182100421668,6.10950415613246,2.666017727615516,0.07697166938087407,0,0,0.0
Shirala,1103.5318040938246,11.199063855257926,4.288719547265693,0.6961561451379252,0,0,0.0
Shirala,854.8512373693069,8.045929318624513,4.401392004479582,0.38279876443638783,0,0,0.0
Jath,1037.3533528954156,8.41414995475073,1.8479762187946323,0.8218309465853593,0,0,0.0
Miraj,848.9234135293354,11.75909205626528,3.6294139286805143,0.6595107686407702,1,1,0.6649214659685864
Palus,877.6964394016104,13.714849214300907,2.889127216651927,0.7962414505413685,0,0,0.0
Jath,718.6677806303555,10.063814730208184,4.520626951685941,0.27194603941844875,0,0,0.005235602094240838
,815.3533507778192,10.92649903779689,1.8629627167058165,0.6923589224610581,0,0,0.01832460732984293
Valva-Islampur,729.6630788767333,15.106644833905714,3.711252801240177,0.2640619846937188,1,1,0.9895287958115183
Jath,804.8253494045334,10.722259538465705,3.4310084890108903,0.9390684794502916,0,0,0.0549738219895288
Valva-Islampur,1210.728359321568,17.805049342541185,2.181205910287331,0.6363742815333744,0,0,0.005235602094240838
Atpadi,810.1202222336115,11.696528936894632,1.5464036146046904,0.3245118001753421,1,1,0.9136125654450262
Shirala,1526.4764129674782,4.717711722532547,3.6065590419091063,0.26951186229227264,0,0,0.0
Atpadi,1098.663580176178,12.260024863313598,3.9543898325293227,0.1909265850716435,0,0,0.002617801047120419
Tasgaon,1036.967224738975,11.143475154648334,2.2625093750534,0.6946409588937278,0,0,0.0
,828.3284439637573,13.869258262248238,3.579330416089255,0.2187156129979273,1,1,0.9685863874345549
Miraj,1140.0619758817984,12.019544053809875,2.580523630446013,0.5953032659274891,0,0,0.0
Palus,884.8724347524452,9.584632048048679,3.852827533130471,0.26463502692535734,0,0,0.0
Valva-Islampur,1024.4019629290724,6.327105291131903,1.7968610995762124,0.6619689447938686,0,0,0.010471204188481676
Palus,1512.016907653759,9.372930228141925,4.5608600105446975,0.8149397285405392,0,0,0.0
Valva-Islampur,980.78802005507,7.448438637372099,2.149638385862319,0.7780252431446532,0,0,0.0
Kadegaon,1229.8546652571351,8.258429650585832,2.4711439510246116,0.7608513309307817,0,0,0.0
Jath,859.3647149748225,11.765735213261829,1.2323678083213991,0.18772240569225207,0,0,0.01832460732984293
Tasgaon,993.0023019006077,15.00971351305422,1.4460488492851056,0.08838494698451871,0,0,0.005235602094240838
Shirala,1354.160127127102,11.184014589468944,3.0634476108493125,0.6989488284873856,0,0,0.0
Valva-Islampur,874.6065884424465,6.412350813894447,2.070370706911886,0.3683472137943513,0,0,0.0
Palus,1362.4897115993858,11.333808004660423,4.341920902968777,0.4323462264033473,0,0,0.0
Tasgaon,1141.550387091095,13.589894459936954,1.0587735546198154,0.031149092793391064,0,0,0.002617801047120419
Kavathemahankal,887.5066448211464,8.170651287041853,2.5163761946877448,0.2595764492750492,0,0,0.0
Kavathemahankal,1126.4815478111043,9.597948499981246,2.3493821870763707,0.03367640387446402,0,0,0.0
Atpadi,1194.510889925346,10.044064584187591,1.0773105236704041,0.8791857726012476,0,0,0.0
Shirala,1124.3619924434392,7.64530506075328,1.4974735960020409,0.24339668321853047,0,0,0.0
Kadegaon,685.9550560219087,11.944841301531577,2.654570699674541,0.557337169573008,1,1,0.9712041884816754
Palus,854.5725648350262,9.637155554176655,2.9714583377897865,0.03897932066113041,0,0,0.002617801047120419
Jath,950.4962728896991,11.258597331721083,2.6171589890194764,0.6668473913056581,0,0,0.0
Jath,985.1133141799908,7.3375234665937,3.1237507136483753,0.32302734575409386,0,0,0.0
Palus,1124.1344195101356,8.687625099029768,3.380526699622726,0.8979191869576658,0,0,0.0
Miraj,1035.5402001866507,12.167144073483314,1.0396952845113425,0.8881181889340358,0,0,0.005235602094240838
Kadegaon,732.9311282579797,8.881500543724698,2.8563806378140155,0.3252906183617478,0,0,0.0
Tasgaon,1076.0395702011926,15.180891553700215,4.853996963550353,0.9009608956904679,0,0,0.0
Valva-Islampur,1122.1171490567647,8.801091443156192,3.076129120518195,0.9961576734987788,0,0,0.0
Miraj,1111.958089586208,10.674054177255657,3.7101690698358127,0.8254156641239481,0,0,0.0
Valva-Islampur,1216.1561451109244,12.79777249561927,2.247455431667533,0.844871347755229,0,0,0.0
Valva-Islampur,1166.784430909781,5.7449028012009045,4.09596551261105,0.2490087361090899,0,0,0.0
Miraj,1091.8360158456874,4.717573564057672,4.091685927504461,0.5767023988577563,0,0,0.0
Atpadi,985.9668577082706,5.423031056289716,3.085184190616556,0.06725591396736785,0,0,0.0
Kavathemahankal,667.8078132968017,13.787752310281547,4.904055293116855,0.09491793682166971,1,1,0.9790575916230366
Valva-Islampur,1085.9236438265173,8.344425562322659,1.5022008590506135,0.9988926120332906,0,0,0.0
Miraj,1041.5375374326222,17.674597857004755,1.067790659558324,0.32663924942591094,0,0,0.002617801047120419
Miraj,1054.3157674390748,8.307257204027835,4.080632847028384,0.7481839120488464,0,0,0.0
,744.6502848359381,10.55365390959111,4.228622149459531,0.8066650530268165,0,0,0.002617801047120419
Khanapur-Vita,783.7886919183475,14.626329857703627,1.480828916482305,0.8580232710072292,1,1,0.9947643979057592
Atpadi,1210.6305706665808,16.018278664477368,2.0623313318344243,0.9976282974021565,0,0,0.0
Shirala,992.088969228669,16.184510729909192,1.0702094534665156,0.24149648525686784,0,0,0.007853403141361256
Khanapur-Vita,1136.300139474525,13.625098691779428,2.1732344431222588,0.04035082685969971,0,0,0.002617801047120419
Khanapur-Vita,1005.6636752260922,13.072187577434388,4.092567495674686,0.411191517994586,0,0,0.0
Palus,1005.951227899149,11.777580847603549,3.0718421108503158,0.13008066982894695,0,0,0.002617801047120419
Kavathemahankal,1187.6567611951996,12.335083228499913,2.3923823726731523,0.022425889162055124,0,0,0.0
Miraj,896.7910543565253,8.3464428510144,2.486957179625321,0.3604268271414861,0,0,0.0
Kavathemahankal,1019.2241553881967,7.545403349733078,1.0054145028618726,0.7837382510752364,0,0,0.010471204188481676
Kadegaon,907.5449422589916,9.989876627767144,2.1992021102609436,0.5661806912250709,0,0,0.0
Palus,913.1007545135369,9.489446132425215,3.585834966551722,0.31277798921035405,0,0,0.0
Shirala,938.1655753062721,8.640315852018174,4.896777775265429,0.6543420054927197,0,0,0.0
Kavathemahankal,1044.4267543267426,12.089162342370146,4.388243307935598,0.23201818030881072,0,0,0.0
Jath,904.2502756673045,12.865915625711532,1.0943798585821165,0.014381446072085025,0,0,0.005235602094240838
Valva-Islampur,1251.1512251147042,10.265220658875542,4.594242418699357,0.7643533864364274,0,0,0.0
Kadegaon,821.0785395560993,14.432590243165786,4.132793653194504,0.6237430848640091,1,1,0.9554973821989529
Atpadi,962.6256711677282,6.574932657599485,4.121504494283922,0.76230262450096,0,0,0.0
Shirala,912.053788345165,9.419021622160846,2.831983036014286,0.03893801668766561,0,0,0.0
Kadegaon,1289.3955768707465,7.849533038191585,2.5920211718180113,0.8371196278306522,0,0,0.002617801047120419
Valva-Islampur,1039.3109553023148,4.40039014878082,2.2116629153327705,0.6195262000363033,0,0,0.0
Palus,1206.368907893727,9.751957942471902,1.262779435817463,0.5633953507126401,0,0,0.0
Valva-Islampur,702.8879253926057,9.634757474850149,1.9129414539747964,0.6246140481145316,0,0,0.0
Khanapur-Vita,1053.4100531738518,14.540349229726393,1.9864145399120985,0.8644332468683641,0,0,0.0
Valva-Islampur,1177.9261591246875,11.892435053664332,2.9363082788408064,0.5869365065589071,0,0,0.0
Khanapur-Vita,1016.4567978550848,6.927439527012385,3.989777626386776,0.5809503798881793,0,0,0.0
Palus,1213.0960750130703,15.562277699002564,2.8952393135917864,0.9906791570657658,0,0,0.005235602094240838
Tasgaon,896.5423099799256,13.66310108657606,1.2313777977886424,0.756730167068568,0,0,0.0
Khanapur-Vita,1281.8694880371158,11.746293110405848,4.831159203952815,0.4422938054511353,0,0,0.005235602094240838
Atpadi,1459.77962472385,9.320547703450504,4.770897276376449,0.7073970000329277,0,0,0.0
Valva-Islampur,927.4322879120682,7.121682289829561,4.1407581725936335,0.3892304716917885,0,0,0.0
Valva-Islampur,910.8994957198456,8.883379671786841,4.965311606256883,0.228875462483499,0,0,0.0
Atpadi,1290.6768954235401,13.266245859112558,3.1779293312010517,0.5968518768877594,0,0,0.0
Jath,1315.9144291461425,15.653758917803827,4.851073401012824,0.9281820981139515,0,0,0.007853403141361256
Miraj,895.4279945693463,14.629730584816567,1.302420162467003,0.9291395200154627,0,0,0.007853403141361256
Tasgaon,915.9626365808285,8.533451734641178,2.4627229930454853,0.3419052781054903,0,0,0.0
Shirala,943.6430782278985,6.641147700132967,1.9015250720270633,0.527677466221695,0,0,0.0
Khanapur-Vita,731.1098977931446,10.422658740733612,1.7833323365370801,0.2116358985698612,0,0,0.031413612565445025
Atpadi,816.2696107031604,4.694681903311445,1.5632117955707043,0.9956311094988834,0,0,0.02356020942408377
Palus,799.1718466495864,10.969503142554345,3.4896545662639866,0.9811179078679357,0,0,0.060209424083769635
Khanapur-Vita,846.4404869791744,9.557192241103994,4.125287422989221,0.6495089297074473,0,0,0.007853403141361256
Miraj,993.0630225226438,8.601890494395274,3.3131935976814426,0.8044140596774734,0,0,0.0
Palus,1046.842946507304,5.215890798199614,1.5878508383528387,0.7151001612837,0,0,0.0
Kadegaon,1310.1000985628154,11.540800319709149,4.244495079733884,0.5931582190394682,0,0,0.0
Valva-Islampur,800.3291918522418,8.401897481014267,3.543818828654914,0.053347996988897695,0,0,0.034031413612565446
Kadegaon,1196.8644796953167,6.490249492869136,2.552662824507982,0.45476434255266107,0,0,0.0
Khanapur-Vita,957.2022311548982,1.383213360155052,3.696521182144252,0.6747863021674105,0,0,0.0
Miraj,990.1072580695134,9.91745528484809,2.0396199169713314,0.6775316138836847,0,0,0.0
Tasgaon,1134.9638984333208,15.316754790009233,2.380768833976842,0.3731226184223836,0,0,0.0
Khanapur-Vita,775.4555956875403,14.98377764364361,4.66994337252796,0.9416919866580306,1,1,0.9790575916230366
Atpadi,1076.4819492368101,8.628711230241183,2.1620180226856816,0.167357032236781,0,0,0.0
Kavathemahankal,1033.2904416426113,8.193363818914658,2.8799530726317464,0.5003594462155606,0,0,0.0
Khanapur-Vita,1098.4902528016298,11.40632276822507,4.5605645495840585,0.6908839765508228,0,0,0.0
Valva-Islampur,1057.8337287815637,7.0048436824351255,3.83088540107011,0.6971358058918092,0,0,0.0
Valva-Islampur,1491.0600279821788,10.905375699458398,1.248812904658811,0.6486389567688156,0,0,0.0
Khanapur-Vita,872.4520031497368,12.298240835154072,1.5892121771158814,0.27528821345186016,0,0,0.0
Palus,893.8006089996364,13.680799671652924,1.0313663630876673,0.15620656868662197,0,0,0.0
Kavathemahankal,875.3718947150471,9.699537770560141,3.5236871609166536,0.6359403268267109,0,0,0.0
Atpadi,888.904576167949,9.388978749469102,2.7906937016416733,0.5993021161394377,0,0,0.0
Khanapur-Vita,872.5225745386965,7.366052239730317,1.5370994036091021,0.17935601028924097,0,0,0.0
Palus,1237.8033062215104,7.51935893788042,4.831736484227082,0.7051391455705633,0,0,0.0
Valva-Islampur,1284.1008495979709,9.32056332429542,3.1186388957824795,0.4551719917336564,0,0,0.0
Valva-Islampur,885.8507412501048,11.102096520448534,1.9675731764515567,0.6677605916031529,0,0,0.0
Miraj,833.5288853791542,12.74075387869975,3.00241428461883,0.8373670797701507,1,1,0.9607329842931938
Khanapur-Vita,1094.2831112772808,7.590463147958966,3.718481330940431,0.16972842857692316,0,0,0.0
Kavathemahankal,889.5553911438058,14.478065706878565,1.304956871894258,0.01914486799683668,0,0,0.0
Jath,1126.586363551102,9.186629196872294,2.098815260191568,0.7791025863957868,0,0,0.0
Kavathemahankal,1040.58460417026,9.935898116954691,4.227861963535974,0.6096974251526159,0,0,0.0
Valva-Islampur,696.8511770005537,7.75836496255653,2.838659481610645,0.6996395696221217,0,0,0.005235602094240838
Valva-Islampur,1309.5010402660123,2.7272792191811757,3.1863085681291796,0.8381549749886426,0,0,0.0
Kadegaon,1359.1755346191044,12.65213618908315,2.731264008837877,0.8028109348245005,0,0,0.0
Valva-Islampur,877.4422619031227,12.2105316912773,1.1755997705720205,0.9609201469288247,0,0,0.010471204188481676
Atpadi,922.4596880128032,9.15601732864536,1.6629991192806237,0.5359350788521182,0,0,0.0
Shirala,1057.173078144981,10.200972151674616,2.7821665549675636,0.48849563265990537,0,0,0.0
Khanapur-Vita,1066.891357997405,11.547817653112299,1.8367418616317113,0.4018871998907301,0,0,0.0
Kavathemahankal,1131.7088545345662,5.3123624293403715,1.199916114638715,0.15369104284420454,0,0,0.0
Shirala,1402.04090775327,8.412841967961116,4.374598656207295,0.5726072328820224,0,0,0.0
Palus,964.6105545011901,12.38279403886548,4.924770116656463,0.2770125243259788,0,0,0.002617801047120419
Jath,840.3405510923093,6.237131730492251,4.172571495986958,0.9213075122129755,0,0,0.0
Atpadi,724.1361543970945,10.880673796499888,4.415139686818668,0.5831908042770976,0,0,0.005235602094240838
,853.8139920116162,5.930254586129784,1.9679085212681815,0.5928401805081102,0,0,0.005235602094240838
Kavathemahankal,993.3746054252406,11.399289947300579,4.842507902052799,0.35492466087701,0,0,0.0
Shirala,1358.9115727035576,9.893075553107549,1.7877028178137135,0.05198935197770749,0,0,0.0
Jath,896.4777401927657,5.154604552283471,4.8057192414473295,0.03174376537298862,0,0,0.0
Kadegaon,1044.7575903277798,13.494218063371514,4.979277175863804,0.4233351441531975,0,0,0.0
Atpadi,996.7154207854496,7.796225269605852,3.846891222984195,0.08456537809723785,0,0,0.0
Atpadi,1237.678654689617,7.569242688956857,4.924574927167288,0.6068469555401391,0,0,0.0
Kadegaon,1505.3864851747244,10.60170759169283,3.2781591182684147,0.8809730056396574,0,0,0.0
,893.8262454159359,13.445912048286147,2.0381671327043613,0.8829148165187222,0,0,0.002617801047120419
Khanapur-Vita,902.1121114963555,6.952534543064809,2.7479835426624835,0.6590454101322324,0,0,0.015706806282722512
Kadegaon,1208.8321754138144,10.185039549543914,3.374243741515144,0.211231831472931,0,0,0.0
Atpadi,1136.3782979252624,11.286449500991719,1.29232624810806,0.8629968313588721,0,0,0.0
Atpadi,1369.3414651472067,12.079316821789433,3.4893730584689844,0.8860934353132082,0,0,0.0
Shirala,1116.7856370651928,10.529324665831675,4.924711347049178,0.1966535849529587,0,0,0.0
Valva-Islampur,928.141581842588,8.898916482750034,1.7604305991349105,0.7374260857706773,0,0,0.0
,1118.1309661384619,7.517229338053841,4.170380465153533,0.28651954892712295,0,0,0.0
Jath,1221.7407161165816,10.258431649139125,4.631595175118477,0.8026403123529297,0,0,0.0
Kadegaon,1164.0964362394727,6.7835829640431795,4.774806371280883,0.9972378999036027,0,0,0.0
Jath,1101.4548062214596,1.235948549516177,4.840542417621789,0.030026005329392813,0,0,0.0
Kadegaon,1213.3349379178308,11.309679412473002,3.0858385548858878,0.8973658657909319,0,0,0.0
Palus,1233.8591180891344,12.711804523258586,4.909231631966015,0.622630533598658,0,0,0.002617801047120419
Atpadi,1276.4317982075054,2.9112026933744843,4.0292408285377554,0.9733826191648212,0,0,0.0
Valva-Islampur,1129.7419775179285,6.970807885870188,1.6466857449478476,0.4650095175264276,0,0,0.0
Shirala,966.5763839366291,11.857462783015594,2.90760042587188,0.8473879305713737,0,0,0.0
Valva-Islampur,1029.3427372866645,16.172486409135097,3.873324701488016,0.06239406859827723,0,0,0.002617801047120419
Valva-Islampur,1241.3017933016713,10.062381123026224,1.9893612632763333,0.3352790500782957,0,0,0.0
Valva-Islampur,836.6128658025527,7.815991176312597,3.5624607341955494,0.06701653775120997,0,0,0.04450261780104712
Jath,1073.7346617745802,9.45131067668548,3.666401916186477,0.9753431334790705,0,0,0.0
Kadegaon,921.3322375345278,14.124629257444553,1.6507989752342636,0.8169739072718367,0,0,0.0
Tasgaon,1005.7489645869636,8.062107462626393,3.260341249811025,0.8525474212459705,0,0,0.0
Palus,1255.6903725214597,7.602423980049239,4.08650764391443,0.9379652314338942,0,0,0.0
Kavathemahankal,1038.2198136039806,8.551769433453902,2.9955826581437677,0.08510348611978535,0,0,0.0
Valva-Islampur,1009.2873096312297,7.140014175223863,1.0484124671044297,0.38559759251333336,0,0,0.0
Khanapur-Vita,728.0287718040162,10.368010947984386,1.0361538763171687,0.07103488904400213,0,0,0.013089005235602094
Jath,1149.250713205444,14.874035375408681,2.4281173758800487,0.21079310155002862,0,0,0.002617801047120419
,1129.0968362282151,10.969237819348088,4.704776273727128,0.22936577703767236,0,0,0.0
Shirala,1432.6509446610921,9.242939493621137,1.914707118414435,0.4691072110475787,0,0,0.0
Kavathemahankal,938.4443530093998,9.124566193253369,3.5374547554867486,0.2685621674536426,0,0,0.0
Tasgaon,1043.8300655327878,5.310427573910029,1.8883034827732823,0.10097810681776109,0,0,0.005235602094240838
Khanapur-Vita,1049.876736742151,12.649329331441477,2.2866799586381945,0.1674910890941077,0,0,0.0
Tasgaon,1315.4906559526949,9.766488408961594,4.392168358405936,0.14727556355209093,0,0,0.0
Kavathemahankal,980.9408935226096,9.458560259228124,3.9154457690797875,0.9730767979122983,0,0,0.0
Valva-Islampur,1055.8043051540678,19.579322703534583,1.3815971092528425,0.7592925069184736,0,0,0.007853403141361256
Khanapur-Vita,1121.5793019433079,10.89625872509706,2.7148080839457345,0.967761465269562,0,0,0.0
Tasgaon,1037.3218246312717,7.744626849714447,1.1166790545810579,0.43974048650790853,0,0,0.0
Shirala,910.7132770898943,8.72092721138337,2.923560586412036,0.2783684816626566,0,0,0.0
Kadegaon,1038.8179985796614,13.445337127590264,3.6497360468042723,0.7982931972091867,0,0,0.0
Atpadi,1214.7263499719545,10.339811231613293,1.4740104943926062,0.3262539180411468,0,0,0.0
Kadegaon,794.696940117788,5.6851660650479,2.1555397556366627,0.2993833737053483,0,0,0.002617801047120419
Kavathemahankal,1026.5939348293753,12.75768680372561,2.5913465020086277,0.2325059922078312,0,0,0.0
Jath,859.9758370121654,7.995567743383019,4.678124098624199,0.12967897822423535,0,0,0.0
Atpadi,1239.0093257849685,15.619893328652637,4.973020061691856,0.25646306101676597,0,0,0.002617801047120419
Palus,695.3626190432451,13.240144197143945,1.1796451959824634,0.3553197484738877,1,1,0.981675392670157
Shirala,888.2156305456823,8.658034313023746,4.044031693981568,0.6739942081457304,0,0,0.0
Palus,1075.4423750129042,13.843049085205338,2.486896265609373,0.06256484221945158,0,0,0.002617801047120419
Khanapur-Vita,1313.1048058468682,10.20356653158221,2.56983274491792,0.21050693966534295,0,0,0.0
Atpadi,986.8499477854025,12.55832102536666,4.01705989338809,0.8090236402916764,0,0,0.0
Palus,888.9600946613604,11.454198451883425,4.673705728581634,0.14692192358377076,0,0,0.0
Palus,1376.231413888118,7.4609300350273795,4.803714378010193,0.34264514652252154,0,0,0.0
Tasgaon,710.3972199167513,8.069350503047614,3.308490344153283,0.8646589218581401,0,0,0.010471204188481676
Kadegaon,560.2388086759836,13.089882452743485,2.4284846372020112,0.15492531114344266,1,1,0.9240837696335078
Tasgaon,1088.0028900106665,8.995674003680378,4.150196343435117,0.0827368356181899,0,0,0.0
Atpadi,899.5891551294778,8.78905461027401,2.004005533049201,0.48453799508001083,0,0,0.0
Atpadi,795.7534365738574,7.134632261951941,3.256296115334071,0.3024195112785364,0,0,0.002617801047120419
Kavathemahankal,1141.6712894598706,11.270797196780382,2.4343138460994926,0.5634083644838541,0,0,0.0
Tasgaon,1048.7601427542397,16.187574757729436,3.6265242948315044,0.8038048904834751,0,0,0.005235602094240838
Miraj,887.1842738526543,6.797401257237182,1.9615956515740276,0.13714848815274316,0,0,0.0
,743.9391202658212,10.072658370018274,1.766371782939303,0.580699084554285,0,0,0.0
Kadegaon,1174.491465656029,14.236661666246288,4.672956346701748,0.5055087603898639,0,0,0.005235602094240838
Atpadi,1130.0402355917322,9.761075826262855,1.4072147317981476,0.14407878601319957,0,0,0.0
Kavathemahankal,980.1648272441234,11.357115388749202,3.0238316309397266,0.6239984855289824,0,0,0.0
Tasgaon,1369.3273992095333,6.81281941555936,1.8834111318520357,0.27364041786077165,0,0,0.0
Kadegaon,785.9830467347695,11.284921291622945,1.1557198533026698,0.4878343185440125,1,1,0.5130890052356021
Tasgaon,694.8949658150523,9.438567204986354,1.1440752731657056,0.08227232427706188,0,0,0.007853403141361256
Palus,861.6183860237511,12.95718998703959,1.7008870884233094,0.45958405721362305,0,0,0.005235602094240838
Kavathemahankal,990.8827967289004,13.562158154694254,4.4670814180240015,0.3064634680428203,0,0,0.0
Kadegaon,1048.6678898645384,17.76869092605584,2.1299149759081066,0.8223812111853543,0,0,0.010471204188481676
Valva-Islampur,951.752788428734,11.738899519640727,4.801836682301182,0.05697872699736828,0,0,0.005235602094240838
Khanapur-Vita,1070.4110793028594,10.9773889497465,3.326489171956774,0.41860727491832994,0,0,0.0
Khanapur-Vita,749.6921151619111,10.583152904732009,2.7464567590750644,0.458431424131438,0,0,0.0
Kadegaon,1288.7529208146518,8.940501121567936,3.3203553386778184,0.7250060762991187,0,0,0.0
Tasgaon,983.5697643214862,11.015451530385073,3.066793540905071,0.574287575090211,0,0,0.0
Kavathemahankal,1223.4591663176254,9.11379576958291,4.0351050150293,0.667212337194181,0,0,0.0
,1068.5450692755408,10.505382928808842,2.129984263891409,0.7770492856517561,0,0,0.0
Khanapur-Vita,1091.3506438307568,13.952792606823879,2.4122015664012095,0.8622029736581888,0,0,0.002617801047120419
Kavathemahankal,1113.9534560464408,6.980372304161077,4.576377210133003,0.3138754967224705,0,0,0.0
Khanapur-Vita,1089.541712003463,13.419635683387137,4.785826052601622,0.538022705363903,0,0,0.002617801047120419
Palus,1128.5445519735088,13.951345202019596,4.570232909945898,0.8401080784391999,0,0,0.0
Tasgaon,1265.8305060264863,9.645794419026764,2.6777919758292543,0.9894511309650564,0,0,0.0
Palus,1039.3042339402941,3.6344353029742162,4.121462012027527,0.8895193110437631,0,0,0.0
Khanapur-Vita,1141.8007515177023,8.176534038716703,2.905342933204395,0.3714672626243768,0,0,0.0
Valva-Islampur,982.0528611425547,13.890983639683327,2.9901594085844088,0.19516651721865041,0,0,0.0
Valva-Islampur,1288.0234430898945,9.931395813103354,1.8187204362291358,0.4893925374065887,0,0,0.0
Palus,864.721539588146,7.0020933031152675,3.364521213034066,0.7416414518360422,0,0,0.0
Valva-Islampur,1360.1880865821631,8.485675236315348,1.7445435910133917,0.4925690707532976,0,0,0.0
Khanapur-Vita,991.9684098711314,12.521860079513658,2.326258796268775,0.4831808633136685,0,0,0.0
Kadegaon,713.8449795763904,11.640200704604137,4.420120806479741,0.8382304210818006,1,1,0.9214659685863874
Palus,1025.6208829821578,9.283203702490917,1.8283032368434209,0.36140377906718635,0,0,0.0
,863.7896685050239,8.899526764555937,1.2846331406937312,0.8597946748116456,0,0,0.0
,1168.1287097977447,8.824725552868534,1.2760303704512652,0.40680480095172356,0,0,0.0
Jath,869.4752041395218,7.232769446504492,4.763138082012432,0.3282331056783394,0,0,0.0
Tasgaon,910.763313357044,14.846127068408325,3.0276817518473385,0.453989911199699,0,0,0.0
Valva-Islampur,622.0918538108938,9.03303859236598,2.6376482872680733,0.7624469586748684,0,0,0.0
Valva-Islampur,909.5387361501846,13.65147556247649,4.243514324031674,0.12600202786399428,0,0,0.002617801047120419
Atpadi,515.2241346742087,14.563948155767354,4.343303711642064,0.19641921587201738,1,1,0.9319371727748691
Miraj,683.2194353028553,12.99493269444388,2.3287641324624184,0.951444825663092,1,1,0.9240837696335078
Palus,1152.0829312288595,8.705139061845856,3.774472229895181,0.17549162738135737,0,0,0.0
Shirala,1157.1600317301663,11.211190271009828,4.084491263407546,0.5677273179310546,0,0,0.0
Valva-Islampur,1085.091512356993,9.927413180827251,3.618602747463818,0.5793144666619379,0,0,0.0
Tasgaon,806.6047713741574,7.288894417809615,1.6063802992003975,0.4896244620502448,0,0,0.005235602094240838
Jath,990.457728771604,10.97307784516481,4.503532334068228,0.6447452485768186,0,0,0.0
,999.2794921818863,6.462880626520592,3.156378210944035,0.22982672579761843,0,0,0.0
Valva-Islampur,768.3270621614914,13.563038165384691,2.1298897054800148,0.5526622677767482,1,1,0.9685863874345549
Jath,1300.67966035343,8.60614810810482,2.7009127417507757,0.37217325524689715,0,0,0.0
Khanapur-Vita,1175.4724581151343,10.603478967618518,1.1502843615956295,0.661667259629189,0,0,0.010471204188481676
Khanapur-Vita,955.8071652340673,10.849863614638426,1.5114672048896702,0.14122354337314946,0,0,0.0
Miraj,1005.3771677989062,9.223285078887768,4.062187002063443,0.5708774168394762,0,0,0.0
Kadegaon,1041.6765615895106,11.760081404425824,1.0000465390214646,0.1852703553833237,0,0,0.0549738219895288
Shirala,591.6530263151419,8.575289030132426,2.6662633139291687,0.2786430631150364,0,0,0.002617801047120419
Atpadi,950.5645234958806,12.613891892371733,3.0900407243423538,0.21870980032358323,0,0,0.0
Miraj,863.6031504004403,5.962060959259754,1.2185376800038892,0.1828377798688171,0,0,0.0
Kavathemahankal,799.6759980210169,10.379138738639236,4.892312651889331,0.825710951560667,0,0,0.013089005235602094
Atpadi,943.779941422809,15.816786997174855,1.9045013249986877,0.28570756766089034,0,0,0.0
Palus,1359.5373053699045,6.999006026183276,2.2167948785451235,0.9271237818644493,0,0,0.0
Tasgaon,1128.168572253402,7.966765088425445,2.2157700490201093,0.9699265253451909,0,0,0.0
Kavathemahankal,885.7642020434406,11.541723548976744,1.9216666484693996,0.5712604699370973,0,0,0.0
Kavathemahankal,1114.5165562712318,10.538745345818795,1.0058952883452457,0.1430011226657264,0,0,0.005235602094240838
Miraj,1279.8710873172004,11.051890297820677,3.9173791763519854,0.37454824337958126,0,0,0.0
Kadegaon,1184.9267365825538,11.46756139044299,4.867381999197141,0.797732263348214,0,0,0.002617801047120419
Miraj,1011.9260739840348,11.904164405685309,1.8971739331401802,0.36739072869707046,0,0,0.0
Palus,870.6126444588853,13.32909952586867,3.6521887672136897,0.08701721830278875,0,0,0.002617801047120419
,1139.644662722718,11.229455970785537,3.9675853078348604,0.5567849109281879,0,0,0.0
Valva-Islampur,1078.69707708435,9.276227036144373,4.393701516362099,0.8451208514960348,0,0,0.002617801047120419
Valva-Islampur,1179.0386440055465,12.017721103608194,2.6905167880544365,0.7959263871435024,0,0,0.0
Kadegaon,1127.034360336394,15.699645804685646,2.211723622561717,0.17512314013035324,0,0,0.002617801047120419
Palus,1209.910543063867,9.602098760852279,2.3011805360921245,0.6727646144124667,0,0,0.0
Kadegaon,892.9529576878864,7.076412085988076,3.8504853323940513,0.2205042634356471,0,0,0.0
Jath,1263.4788131268651,13.321242007860919,4.267117866022544,0.21820753455217223,0,0,0.002617801047120419
Valva-Islampur,1039.51992093848,9.638856508139206,1.7264558710264106,0.8740717733051852,0,0,0.0
Kavathemahankal,1415.052174525053,3.481991361957892,2.483764032631061,0.24966895274023015,0,0,0.0
Shirala,862.1624363820864,12.542265031451265,4.6077607869966,0.2632473465180112,0,0,0.01832460732984293
Tasgaon,1347.1927606330498,8.394015442138231,4.226774078778957,0.0006533907612995549,0,0,0.0
Palus,1039.5821566925295,9.728400153087518,4.939433611049903,0.8706690341255177,0,0,0.0
Atpadi,869.7163992771103,10.995940991707045,4.016993038728323,0.7925948132091347,0,0,0.0
Kadegaon,903.2228331891357,10.5714990393372,2.572780804111689,0.627328935090678,0,0,0.0
Tasgaon,935.930538361136,12.128355451417118,3.362551335978551,0.7502657639388423,0,0,0.005235602094240838
Atpadi,1084.8331892803833,8.69354088829047,3.644057016989281,0.1520485674244918,0,0,0.0
Tasgaon,1104.5670976070999,11.539317394528249,1.3138232652684958,0.45832359458757543,0,0,0.0
Shirala,885.2599992122842,9.22135996724825,3.1779878364154603,0.3512193873487809,0,0,0.0
Atpadi,995.1290815478035,12.21643144266251,3.8372833138904383,0.09377652625701649,0,0,0.005235602094240838
Miraj,1428.4540717223726,11.84610245203916,1.6692852160042415,0.4861304852149241,0,0,0.0
Khanapur-Vita,1345.5086340201424,7.193683893866214,4.122526869702229,0.9207396503426354,0,0,0.0
Miraj,1087.2647339348064,13.257946348525097,3.3350911220564465,0.04005911905069448,0,0,0.0
Valva-Islampur,1007.60069563364,8.392109664657855,4.808887142790379,0.2914609134937939,0,0,0.0
Khanapur-Vita,1024.0062653436523,12.424173394843436,1.1696891928275668,0.20754093620570346,0,0,0.002617801047120419
Miraj,1122.7035945460834,11.101861940204023,2.061304550221868,0.23814665366569632,0,0,0.0
Khanapur-Vita,795.4414869603189,15.514551030385368,3.4062155171992963,0.9084345518793753,1,1,0.9842931937172775
,948.524692515331,9.329602052884443,2.186239648823723,0.4680690542342901,0,0,0.0
Khanapur-Vita,666.2831852244822,8.952049611645407,3.857696656284969,0.4662994129398188,0,0,0.020942408376963352
Kavathemahankal,1079.844624521056,9.941741182336802,4.036021130087724,0.7605756424552823,0,0,0.0
Kadegaon,1129.4391879405482,9.090460651497175,1.4100638562658978,0.1544922040049258,0,0,0.0
Kadegaon,903.3627075401253,12.39982570582615,3.055417856827071,0.4872653541000508,0,0,0.002617801047120419
Kavathemahankal,1314.7973526580065,5.151068174690236,3.0355622223642236,0.4299852141210597,0,0,0.0
Tasgaon,754.8468673995318,6.838952742560938,2.4771230808621643,0.5969106905466561,0,0,0.0
Jath,707.125023958036,6.7965912352624205,4.731699450278688,0.9995577032504386,0,0,0.06544502617801047
Tasgaon,1044.8903637119945,12.850922775920727,4.310025279492885,0.7694488940820471,0,0,0.002617801047120419
Atpadi,1209.4196605224308,15.131840117745776,3.788837527638547,0.3978657030174272,0,0,0.0
Atpadi,1336.7855382915736,9.686652344387586,3.85730654293999,0.827553052274047,0,0,0.0
Khanapur-Vita,908.223147426212,9.493534830429969,2.8468645752524764,0.17070836331248018,0,0,0.0
Miraj,1215.7361666862591,10.210156489339544,4.683978084386304,0.030463686308960125,0,0,0.0
Miraj,992.2983060998586,13.485634907824572,3.7783817090131415,0.20444837246427305,0,0,0.0
Kadegaon,965.4745400118361,7.217940597428278,3.9159242466232658,0.34041155611425966,0,0,0.0
Palus,1176.7319874973346,10.715106948204355,4.446763615149381,0.5105807574595599,0,0,0.0
Tasgaon,1130.464575682684,12.92559288934729,2.096286357368764,0.6151291405411998,0,0,0.0
,684.7215686031501,11.503282509819536,4.228283615466812,0.9106057172144217,1,1,0.8481675392670157
Valva-Islampur,1295.308069945179,10.56874484979623,1.7809624118259682,0.5098540095504577,0,0,0.0
Shirala,1276.0182708294903,13.003138277701424,2.3813678089795514,0.5012756446257294,0,0,0.0
Miraj,874.8874596980941,1.8903031210022885,2.342441817079371,0.05024300982298213,0,0,0.0
Shirala,1079.1607066874817,12.033625958592722,4.914101873556563,0.03491155265622381,0,0,0.002617801047120419
Khanapur-Vita,1098.8060372565478,8.037772950617729,4.426148894991707,0.5511599619163721,0,0,0.0
Shirala,1052.1347531647814,4.5081013094306295,3.804679446361039,0.4381786132483445,0,0,0.0
Valva-Islampur,889.938969230916,11.533607798574941,3.9082270464615605,0.8391803949802986,0,0,0.007853403141361256
Kavathemahankal,865.6753264123897,14.120975635488874,3.2482911776102843,0.16067958471184518,0,0,0.013089005235602094
Valva-Islampur,994.8891858017109,9.587654456116924,4.788362668434076,0.024971662117049598,0,0,0.0
Shirala,1234.545803851873,12.858623641608816,2.985035011529446,0.44903876793012587,0,0,0.0
Valva-Islampur,1108.7200309188866,14.836834773965936,2.522070839479578,0.23747855675225749,0,0,0.0
Jath,925.8771335827788,13.944743360752142,1.652141347726364,0.04961437333883745,0,0,0.0
Khanapur-Vita,1154.339742129669,14.919893588114178,4.1448226090442315,0.724598286847629,0,0,0.0
Tasgaon,430.29147587398495,12.226382473215676,3.9377757283023658,0.11159299995724747,1,1,0.9554973821989529
Kavathemahankal,1229.7531400744206,10.226300916704778,2.5374201540965395,0.6083195000077717,0,0,0.0
,652.0572442443801,5.194102564308494,1.1007736558369174,0.28104975016688916,0,0,0.002617801047120419
Miraj,927.5118117193736,9.261812535610154,4.355989310872043,0.17349605035502202,0,0,0.0
Atpadi,776.0660210747712,7.470260214051425,1.0456719338162945,0.37975152291931746,0,0,0.007853403141361256
Tasgaon,741.0637048558189,16.51282815249344,3.814799118516204,0.8014457762229537,1,1,0.9712041884816754
Atpadi,1232.1653574757038,9.47234256270299,4.881028438904228,0.3920935769045727,0,0,0.0
Khanapur-Vita,906.4597597376218,10.369614420353457,2.750645312592814,0.7507696492110557,0,0,0.0
Kavathemahankal,1069.3007763461433,11.654456128121403,1.939893619983811,0.1254862967991507,0,0,0.005235602094240838
Kadegaon,990.6158842241632,10.13080733911736,3.819484040173527,0.7727714196650791,0,0,0.0
Miraj,1095.4081654446243,15.085153121292258,4.268512568062341,0.23693332490664865,0,0,0.0
Jath,1015.3643782120511,8.132051914796644,3.1857212643113892,0.6773931298888728,0,0,0.0
Kadegaon,743.4015551622861,10.583822365711729,4.868141101024585,0.5657815548409963,0,0,0.028795811518324606
Khanapur-Vita,1199.253363889428,7.772588242905855,1.2066748866318444,0.9291447172116873,0,0,0.0
Tasgaon,901.2486833677375,6.039932466337882,3.0191823932181125,0.38732251797531403,0,0,0.0
Jath,688.6836202680497,8.164692727284145,3.8738157892902003,0.06616518883444045,0,0,0.02356020942408377
Valva-Islampur,914.3769678068174,9.888889608854765,4.450561884596716,0.019155485551252904,0,0,0.0
Shirala,1300.1519581268622,8.71209332644822,1.7170224476311602,0.8268585609727531,0,0,0.0
Jath,1170.0443484226985,7.922737060378433,4.200013927054726,0.5247356376614322,0,0,0.0
,930.2695731184282,5.781047608984498,3.210828302874181,0.7752440518349493,0,0,0.0
Khanapur-Vita,930.1484591363143,9.750683282113915,2.586214727959853,0.2344256000115147,0,0,0.0
Palus,935.6729897565235,5.4858388779069935,1.5268601143163743,0.34508374551323373,0,0,0.0
Shirala,1415.3495967121682,12.280167891068807,4.461183035635649,0.03010387221131894,0,0,0.002617801047120419
Atpadi,1076.3870904463106,10.24731925880351,1.6290928327188614,0.9614923245741122,0,0,0.0
Miraj,1086.0083294382139,5.627345501605208,2.239151436836397,0.6678679067008134,0,0,0.0
Atpadi,1206.0566908063684,9.07237276885041,2.1601821278497475,0.9332050877593062,0,0,0.0
Jath,1047.7578318053027,7.74353078322825,4.485656136763417,0.2654964074290723,0,0,0.0
Atpadi,948.1915708358594,10.957523531257541,3.690811976835592,0.6114636112256608,0,0,0.0
,960.7300301830044,14.021351338069433,4.186725588765489,0.6784999682926378,0,0,0.005235602094240838
Khanapur-Vita,985.6797481171872,4.374482591062766,2.001871595169996,0.31754970025758844,0,0,0.0
Valva-Islampur,992.5555526980316,10.345078237442252,3.4994963984279956,0.8481092350156301,0,0,0.0
Tasgaon,1145.525908727396,9.519601613300079,3.2869839325749948,0.9471614629002478,0,0,0.0
Miraj,1010.3891771614599,12.014020229351397,4.331321507153085,0.8848551176960043,0,0,0.0
,1146.528015443116,10.639589884713068,4.624348241925042,0.7390669759393725,0,0,0.0
,983.8566839782835,7.744092004783543,1.0486270859095472,0.27746467972495403,0,0,0.0
Atpadi,1015.7270380632182,9.042838193000145,3.6960796762351706,0.28161604210563174,0,0,0.0
Atpadi,600.3598630935785,7.611922429589533,1.207343196478916,0.9633603204460379,0,0,0.015706806282722512
Jath,1183.2655349404963,13.228021415795794,3.1954346603094237,0.010284495935692028,0,0,0.0
Tasgaon,1069.2976951795986,10.063934946015827,2.150530916174713,0.7160499732421445,0,0,0.0
