Block,Rainfall_mm,Groundwater_Level_m,Population_Growth_%,Water_Scarcity_Index,Risk,pis_Risk_Prediction,pis_Risk_Probability
Palus,856.3111557495129,9.863241950933507,4.005500344116182,0.14287596133941172,0,0,0.0
Kavathemahankal,957.3105696576306,10.730018347968075,3.627820625068558,0.7753461504031356,0,0,0.0
,1062.1815131196008,9.27629182643101,4.826458484333832,0.27140938044671437,0,0,0.0
Shirala,1295.0712433899105,11.05616618954289,1.2758320654256847,0.49669542281794654,0,0,0.0
Khanapur-Vita,1171.5319246404038,6.245381727428668,1.2282188846050173,0.2842740929275167,0,0,0.0
Palus,968.0122940073146,14.331293812219778,2.1287482987728006,0.13382836299969314,0,0,0.00088261253309797
Valva-Islampur,996.1967584194622,9.753546464822293,2.046822734943624,0.6295576968917366,0,0,0.0
Kadegaon,799.4941270724382,13.351887494764384,1.9879151962879993,0.05433203482290383,1,1,0.9944101206237128
Palus,996.297372801522,11.028176039133113,4.625018322084147,0.7486452341262,0,0,0.014563106796116505
,942.2682722159724,11.370259657461352,1.9981847993980244,0.31758679526111666,0,0,0.005620848237097599
,1064.543712067618,11.709301840696611,2.087798904514524,0.00013469300448532007,0,0,0.011357829702234402
Shirala,834.5538112895354,11.343125680051944,4.037593049671855,0.5111291392372298,1,1,0.8664265580958346
Khanapur-Vita,1103.8693028482344,11.928168279602632,2.79895936980216,0.046851908527603126,0,0,0.0016490918381567334
Kavathemahankal,1306.5477826005156,13.987457590397295,4.106842227820724,0.27616955782089947,0,0,0.001251281432792619
Shirala,978.2479703086285,10.58956350910441,1.261464630257541,0.7069764874557162,0,0,0.0
Shirala,1080.3423444197883,12.127011272765536,2.9502847746935372,0.06268962162186587,0,0,0.010591350397175639
Kadegaon,1138.0287983422224,9.73079291713832,1.1344544007331305,0.8393384923560023,0,0,0.0
Miraj,919.7559056228328,14.320351646348419,1.250612813821418,0.003819922658583108,0,0,0.014563106796116505
Khanapur-Vita,1044.8184963620834,7.970823093822191,4.625749813377643,0.24682386920190225,0,0,0.0
Jath,1002.5184801563589,15.402821298732448,1.5569814844703807,0.7409040561520714,0,0,0.0024271844660194173
Shirala,1019.5352197097664,9.87952614806697,3.1296827291008684,0.3162701497293068,0,0,0.0
Miraj,845.3980432289068,5.707674693645855,2.644382410402826,0.10189238806601353,0,0,0.0048543689320388345
Jath,1004.9020348517886,10.384313244732368,2.3893733050353707,0.3602339188004279,0,0,0.0
Khanapur-Vita,1099.59965824909,7.9568450275753575,4.59933338274909,0.27039328638452553,0,0,0.0
Atpadi,1290.2287215590084,12.521930646966172,1.087293587101958,0.8427119021605549,0,0,0.0
Valva-Islampur,1191.8541652170413,8.042128062092827,3.6551587447023564,0.31334791758514313,0,0,0.0
Miraj,1430.6364915023114,8.66144970035566,4.853577736854202,0.7889324717760072,0,0,0.0
Tasgaon,846.5304874223901,4.331377807163407,3.2406727338473678,0.8918721448107347,0,0,0.0048543689320388345
Atpadi,1174.4641273441357,8.64308104225277,4.747289848132367,0.43381741957652953,0,0,0.0
,1036.6684011476705,2.7283620201131296,1.209031517144095,0.909943143854392,0,0,0.009708737864077669
,1437.9605866435345,5.24829152954283,2.6751732762966456,0.37731805396319285,0,0,0.0
Valva-Islampur,838.3403429289697,12.281243968432893,2.0406311638482046,0.9640784164901082,1,1,0.9522227899846705
Kadegaon,832.0556315638448,12.357400475952497,3.923283859922919,0.08928952452557293,1,1,0.9805825242718447
Palus,880.1214709111956,11.276372685354895,4.925188361988987,0.6870192665032427,0,0,0.0048543689320388345
Kavathemahankal,575.2208551380386,7.099071570612361,2.0261202497769912,0.49381404045692867,0,0,0.013754045307443367
Tasgaon,894.8489956638477,9.85686593157406,3.616698405896298,0.38764880545564706,0,0,0.0
Kadegaon,848.1734676892604,9.989192382728294,1.7923905310389605,0.6327118787486009,0,0,0.07281553398058252
Khanapur-Vita,1030.0787572952415,6.524905932422372,3.2613210182864396,0.7038570916343312,0,0,0.0
Kadegaon,1068.351195155432,14.510194905301452,2.855729946753345,0.004363269650309087,0,0,0.00088261253309797
Palus,1375.2341678431771,12.632086871727015,4.888021318526148,0.16695308874719872,0,0,0.005894590846047156
Khanapur-Vita,1190.08476763721,9.337107478511008,3.4341090907858662,0.7130460506343187,0,0,0.0
Tasgaon,884.6192688675194,10.080657516983592,2.398025488347275,0.6663854135782065,0,0,0.0
Palus,820.3170657303284,10.625148423842658,1.4563831395517335,0.9660475051286772,0,0,0.014848657909765847
Jath,1098.3838343013012,3.874795394727128,1.6049873149397382,0.761037790250783,0,0,0.0
Kavathemahankal,735.9533585958716,9.258467852438208,1.9012677198049404,0.950772707731338,0,0,0.01072505419330275
Tasgaon,1366.2917531708708,7.9540472560066044,2.003866645361192,0.702540501534807,0,0,0.0
Jath,1235.8880241442573,6.995139970315254,4.402464231364551,0.29805220863944315,0,0,0.0
Valva-Islampur,906.1648695790591,9.156699121342136,3.2448911531300997,0.10536492225085647,0,0,0.0
Tasgaon,657.3730941818245,15.393059580548567,3.0935636454974658,0.7818238633449356,1,1,0.9884591293454433
Valva-Islampur,1270.7744748330826,11.922528583801029,1.4590754874768699,0.6441492214759159,0,0,0.0
Khanapur-Vita,977.0920309494765,8.28646303065161,4.44055877339774,0.04818601239329623,0,0,0.0
Jath,1247.5632623946924,11.717748344068475,3.891257212833935,0.36005046590097833,0,0,0.0048543689320388345
Kavathemahankal,681.1144682411266,14.198066309758007,1.2706734476000063,0.9567998154842862,1,1,0.9255663430420713
Palus,880.1249954092455,12.773901048738306,3.8313403889190747,0.5004011457102012,0,0,0.005065428450823132
Shirala,1001.0487399436366,10.178891109760523,3.1741528693705843,0.43272913601970464,0,0,0.0
Kadegaon,1009.3961187529484,8.059189666883277,1.326901382987113,0.457699605159294,0,0,0.0
Atpadi,909.9869057041512,12.09466994084077,2.833202566114626,0.20888272400516372,0,0,0.006503460770195568
Kavathemahankal,1124.5699864694998,11.18045615626525,2.938785148520188,0.3687071708647952,0,0,0.0007664793050587633
Jath,786.4759141234811,12.685579660083196,1.663098160653103,0.3698132559871766,1,1,0.9526283821617363
Shirala,971.5241029957413,11.905515405045909,4.782792588001129,0.0523550201874724,0,0,0.0010402219140083217
Kavathemahankal,1024.0591263423798,13.148658145958006,4.399901485922648,0.7675676285179183,0,0,0.005013230935424865
Jath,1102.8877668117498,8.394294365318295,3.6760893493164333,0.416504431903879,0,0,0.0
Miraj,1142.322975617778,13.952182196902978,2.849182244002429,0.8221798868164233,0,0,0.0015659254619480112
Miraj,775.0715816324262,10.592798814077199,2.647062166338034,0.8503480011198954,0,0,0.04632375969492088
Valva-Islampur,693.1771658528755,16.225782617875797,3.6038938686038167,0.21199405469865806,1,1,0.9905023216547066
Kavathemahankal,1255.5353643797018,7.932436545731297,3.181727477627622,0.6573534821701286,0,0,0.0
Miraj,1066.4628023959183,15.207891409495748,1.2490924235275425,0.4722818041629817,0,0,0.0024271844660194173
Jath,850.3026926886893,10.593732350387944,3.0500105950813268,0.8801567379214851,0,0,0.019417475728155338
Valva-Islampur,1310.2303951045046,8.045745989156655,4.225614468931358,0.21574067917645412,0,0,0.0048543689320388345
Jath,1023.1349268585717,8.548342497837035,2.8369595103878322,0.6778132003100442,0,0,0.0
Valva-Islampur,1235.8594368127654,9.038958075417039,1.2078263102170737,0.6077521222527226,0,0,0.0
Kavathemahankal,1013.5036962820218,11.27249783920575,4.145112797536132,0.2953014775718328,0,0,0.0
Shirala,1412.1495849763974,11.568506464106498,1.8054551285438976,0.1366009036511726,0,0,0.006503460770195568
Palus,1351.0681684886408,8.278899988184262,2.034483339552155,0.6516397604772766,0,0,0.0
Tasgaon,950.2071703041853,9.926936223217051,1.6588254137291836,0.7385974581323307,0,0,0.0048543689320388345
Shirala,1194.3141901908712,16.42681107583559,2.32086025948599,0.31562734376335,0,0,0.005065428450823132
Khanapur-Vita,1129.0751899170295,15.182629510302135,4.02700602275454,0.6448326040223138,0,0,0.0017769849807323086
Jath,1273.7263115064698,11.308971009022097,3.0775434380157494,0.39513090761150327,0,0,0.0
Khanapur-Vita,807.0153078839792,10.114010434504602,1.8195250966028502,0.7132068832826177,0,0,0.012057626056999686
Shirala,1137.2102919996878,10.360093980154783,4.511320312608163,0.1992152748940531,0,0,0.0
Valva-Islampur,1211.6848973699175,11.840553918191251,4.518327419806116,0.8902150026361744,0,0,0.0048543689320388345
Tasgaon,648.2521027153771,6.931622304404783,4.482313700184028,0.28740959646557973,0,0,0.02831715210355987
Tasgaon,763.348297466845,9.227870387729965,1.9551848455261571,0.3677859877561529,0,0,0.015293872011692243
Atpadi,592.1535644479799,4.994247778367232,2.8049573767239524,0.058091952080349785,0,0,0.02912621359223301
Tasgaon,946.1186331110885,11.197669367815838,4.9399586245635,0.1115122123212764,0,0,0.005894590846047156
Palus,1143.5084511591924,11.941587819108223,4.088049905239961,0.5158619027123281,0,0,0.0016181229773462782
Tasgaon,1300.4714104192055,8.550440613101879,1.1086696849022393,0.2675926767279715,0,0,0.0
Shirala,1014.8189560839551,14.721960289870099,1.2608183650419682,0.8354802257421944,0,0,0.0
Atpadi,1325.7231091142585,6.322703010992976,2.855725507249331,0.014693388654953843,0,0,0.0
Shirala,723.9797083570218,5.606875359370539,4.636880823446241,0.3790940486719362,0,0,0.026620732853116193
Shirala,659.323512128969,10.673355455679916,3.154807191810857,0.3373455467690927,0,0,0.08074433656957929
,988.8904602206762,13.141294907836464,2.991250032137161,0.019327630917601035,0,0,0.00088261253309797
Kadegaon,1076.8130897878614,15.051783074373606,1.4218947998265223,0.12436839900051022,0,0,0.014563106796116505
Atpadi,993.4610503811814,8.62334721139318,3.627120418897176,0.41364267491863527,0,0,0.0
Shirala,586.5115799920247,13.236042500293888,4.2884126424009015,0.49286458444744663,1,1,0.9644505417194317
Kadegaon,982.1759920974423,9.884474591497879,2.5216800300302493,0.4042897472548691,0,0,0.0
Kadegaon,739.1060998990293,9.48211810017754,4.10244740370131,0.5309376784120938,0,0,0.002348888192922017
Atpadi,1133.9345097660077,12.650979812460017,4.857906615603246,0.5951316749056815,0,0,0.005065428450823132
,1073.3196492193697,11.956968635240258,1.8150658365107564,0.00992382112783563,0,0,0.006503460770195568
Khanapur-Vita,812.024042734529,5.270823529047252,3.093318524778965,0.4640951594535039,0,0,0.015293872011692243
Valva-Islampur,897.2266165326613,14.429621049177687,2.148551832338302,0.9634992408875883,0,0,0.050970873786407765
Palus,788.1572956222096,14.140274062442355,4.171417676135357,0.5190322801295487,1,1,0.9540162583913179
Valva-Islampur,987.4641805453656,8.123311895471412,3.31037346352463,0.6775422674589532,0,0,0.0
Tasgaon,1191.0284641002477,11.187410600312226,3.538329670201215,0.3118638579168832,0,0,0.0
Palus,802.8547907328913,11.482090558848217,4.191656638463576,0.7739913781527625,1,1,0.9683161081532519
Tasgaon,1100.809303103569,10.782021297471722,2.5838818906498195,0.7729214818761151,0,0,0.0
Shirala,893.9484763255118,8.349084538463739,4.660360273628173,0.521296047654139,0,0,0.0
Jath,841.4254335475312,7.985129896185845,3.13211546898456,0.9760138232792136,0,0,0.0
Atpadi,978.5939280090885,9.923337787025664,1.631819291341392,0.12555021476265338,0,0,0.014563106796116505
Palus,792.9515355161252,13.518187057778094,3.78359647267521,0.016947664889580993,1,1,0.9951456310679612
Palus,889.2701389305636,11.630800463783297,4.173045401753018,0.770158211757096,0,0,0.014510909280718238
Shirala,760.4244214822303,8.888157003741682,2.2670467082701067,0.8071555373648825,0,0,0.0026344393065713605
Khanapur-Vita,1392.945026583278,12.315096131945033,4.428717027995011,0.12020722912057624,0,0,0.005894590846047156
Kadegaon,1007.0527103943457,1.4543721381097736,4.624573019063066,0.2655828329586061,0,0,0.0
Shirala,860.0548984014829,13.446297101116311,2.1076179495112357,0.01755236336662891,0,0,0.015445719329214474
Miraj,1042.7959821468444,4.780858663665701,4.934085890860889,0.2933086107805647,0,0,0.0
,977.5343900618341,8.912677175790604,1.5628461121950337,0.7731418739186715,0,0,0.0
Kadegaon,955.8060800933554,6.640990316121568,1.8080626736099599,0.5179605277125789,0,0,0.0
Atpadi,1122.8333400086851,6.115955572837283,1.7368993569521045,0.3480955931682881,0,0,0.0
Kadegaon,1151.501542009461,13.482480362135558,4.575958840031482,0.3717392949063303,0,0,0.00021105951878429716
Khanapur-Vita,893.8997704778945,8.596896396064325,3.6171702092998474,0.0013536257154681541,0,0,0.0
Kadegaon,884.836351871064,11.039511645192148,1.6084171328890915,0.2998005275652359,0,0,0.010475217169136434
Atpadi,944.9896605696712,9.859238263362448,2.761293673473396,0.6464587416379305,0,0,0.0
Khanapur-Vita,539.615767052883,11.431122481669364,3.461192100279208,0.9741944438163571,1,1,0.9668284789644013
Valva-Islampur,696.9617875602896,10.230465673180767,1.3338563399575332,0.8470608269838995,0,0,0.0048543689320388345
Palus,1273.374853488905,6.151023327434292,4.529665473629355,0.023594964645529126,0,0,0.0
Palus,1328.9935427002567,12.98880045834142,4.214414141766141,0.8985606046748393,0,0,0.004802171416640568
,950.1927920887243,8.518730250516063,3.020827094306553,0.7831984132986259,0,0,0.0
Tasgaon,1115.3113926111532,5.330254304020746,4.868506461036682,0.7803761235709804,0,0,0.0
Valva-Islampur,1062.2500309087072,8.715654517102262,2.671043917100399,0.4579957590035715,0,0,0.0
Valva-Islampur,1615.7761616910475,14.502279371902933,4.936441276145992,0.3980052929545028,0,0,0.00021105951878429716
Kadegaon,1223.9149822869153,12.55066522634048,3.6716799952145083,0.3029157288331926,0,0,0.00021105951878429716
Palus,974.4164817038467,8.954043596776422,3.538685093015766,0.06569485895436578,0,0,0.0
Atpadi,808.8919118799149,8.952226887044713,1.66381958118314,0.2282353634936991,0,0,0.022653721682847898
Kavathemahankal,678.7107359484855,9.035094846347853,4.527711033218576,0.24660363497802462,0,0,0.014563106796116505
Kavathemahankal,1040.6927271734446,16.23024395068252,2.7099587516824606,0.4840770697102016,0,0,0.00021105951878429716
Khanapur-Vita,848.7298509431394,11.14580635669466,1.6489336231299174,0.747444406596694,1,1,0.7095043433827287
Palus,715.5492580804652,11.29012494157321,1.0504300799030362,0.4738098283979466,1,1,0.7669902912621359
Palus,870.6854231514947,13.090850362095527,3.2390227345535303,0.057844449447160606,0,0,0.00088261253309797
,783.6903992771211,10.71636747707954,3.1095984884907053,0.9577898009882039,0,0,0.05117812862695971
Kavathemahankal,1337.428327014513,9.22287356253789,3.8774144894766343,0.9427243190941123,0,0,0.0
Palus,1176.3279513898901,9.410950452745066,4.561032212071209,0.7851895431484084,0,0,0.0
,998.4054717366765,9.785196221757808,1.317626338572118,0.9913279015642206,0,0,0.0
Kadegaon,1295.988827778005,9.888333290470475,3.9259859613614494,0.5444823328002629,0,0,0.0
Miraj,1015.4736615295236,12.18288863091094,1.7496477763903289,0.9627683502532061,0,0,0.06872764435360246
Jath,827.7431597343473,10.155837657421898,4.432708212628656,0.07560504061675077,0,0,0.08737864077669903
Valva-Islampur,1304.6248154539314,12.197920231646737,4.276254055446625,0.3656807482613713,0,0,0.00021105951878429716
Tasgaon,1107.7820087369316,9.757850259674253,3.1631750199421775,0.22538126800676583,0,0,0.0
Khanapur-Vita,792.5507691347087,10.235905570948272,3.840971194493246,0.19583308413427003,0,0,0.0970873786407767
Miraj,961.9322643832784,4.0053979464036775,2.2574004527349936,0.14080294889267608,0,0,0.0
Kavathemahankal,824.8763493230485,12.748983024107444,2.8846715957312585,0.6224136415659967,1,1,0.9604365527853047
,723.4400538071328,11.039465427693978,4.286547590841886,0.7813218557473051,1,1,0.7789957198037373
Valva-Islampur,1185.2355095063283,12.994030329578957,2.8370607886928556,0.5782983994203607,0,0,0.0017769849807323086
Palus,1381.8833280940262,1.3112338654189326,2.431193061301767,0.14696270958820967,0,0,0.0
Tasgaon,720.2864852361718,16.265124114342182,2.9768497890011996,0.8111237699334709,1,1,0.9847828890403639
Palus,1112.593847338114,9.581231115534479,4.312997009748873,0.6359547071637285,0,0,0.0
Atpadi,869.8714861756346,13.32454845021255,2.340832189483491,0.3881657061269955,0,0,0.00021105951878429716
Atpadi,902.5749232470608,6.880282218623408,1.6950463725429752,0.674130295536063,0,0,0.0
Tasgaon,881.5212151522262,11.838321715187709,3.848056081323123,0.25990497924283285,0,0,0.014563106796116505
,827.2018460640368,6.839753310479032,4.303912850832328,0.3451922084942105,0,0,0.007203257124960852
Tasgaon,1009.7043255889654,8.128693117912585,1.4025499140941333,0.9174858431319902,0,0,0.0048543689320388345
Kavathemahankal,833.8099767177924,15.742094061600358,1.959496451023779,0.2905045056714204,1,1,0.956232383338553
Tasgaon,1054.0913651559677,9.42795279770996,1.5678879590439756,0.4699882681579366,0,0,0.0
Kadegaon,989.9523781101726,10.652298619539168,2.3917656463286665,0.8901411373960146,0,0,0.0
Palus,952.2103906267181,12.610203192066262,2.8014039156216506,0.7077213502675275,0,0,0.006631353912771143
Miraj,818.4872675916804,11.487045663917813,3.995305347853226,0.06220322616470275,1,1,0.9660194174757282
Shirala,884.6457338863335,10.451256715430729,3.6045903395266965,0.14730304427897034,0,0,0.0
,1151.0782451651512,11.094883007398677,3.4837142699137247,0.007841590771916818,0,0,0.025154457193292144
Tasgaon,1100.1834375248761,17.210246755714827,2.4094997864386176,0.6309217902291634,0,0,0.0017769849807323086
Khanapur-Vita,804.4889510402897,9.827143608899243,4.365790212339039,0.4476734254104183,0,0,0.007203257124960852
Atpadi,1019.8664610858452,10.603297140144903,2.8851486695926583,0.13427485090227553,0,0,0.0
Kadegaon,1150.277424674358,13.151963188022837,4.916419752060618,0.9579341210567704,0,0,0.02669902912621359
Valva-Islampur,666.1189437757257,13.31657779887395,3.5365685531829474,0.5296597239456199,1,1,0.9831424719835509
Shirala,1108.672038475987,13.56109091668114,1.505058966258011,0.24189329411288918,0,0,0.000441306266548985
,867.4752482108306,11.916190666087553,3.704710248301736,0.5006035711547075,0,0,0.0048543689320388345
Miraj,1114.1197337186318,6.570985261808549,2.300416061726796,0.6796203327351078,0,0,0.0
Shirala,847.3481686914967,14.900294596903288,3.7453087867443897,0.07623921797356448,1,0,0.48058252427184467
Tasgaon,639.0235798670963,6.560963820943936,1.278564592649623,0.274703815047892,0,0,0.0048543689320388345
Kavathemahankal,674.4915124233675,10.907906395717099,1.6995257487038375,0.8069654908839936,0,0,0.11885374256185406
Atpadi,1009.6169893322764,7.7371724499419265,4.422949035623145,0.45966487040266124,0,0,0.0
Atpadi,1051.9445003442963,9.807584960221023,1.9087182280940596,0.5465771420322949,0,0,0.0
Valva-Islampur,819.1366749791183,10.986287230910442,4.348164500971761,0.43281600220946925,0,0,0.3906984027560288
Kavathemahankal,1127.7184917554748,10.964071646350819,2.1171043538176417,0.04389994264300512,0,0,0.0
Palus,667.695987546208,11.265762262705854,3.5715276402348306,0.16574977982015593,1,1,0.9514563106796117
Jath,986.7840402705367,14.841133807175941,3.776602294039324,0.4455416387418909,0,0,0.00021105951878429716
Kadegaon,757.7967600475087,11.36060290454194,3.0506190125802117,0.20918546540792782,1,1,0.9749926448955575
Atpadi,869.6327784395681,9.267530094128054,2.221242706786925,0.04997902865967874,0,0,0.0
Khanapur-Vita,1009.4797342632828,12.892261504865072,1.8505775054843845,0.8436496640518237,0,0,0.0015659254619480112
Atpadi,827.9173269432096,13.568411466773922,1.1327574182497049,0.9811925291641158,1,1,0.8837806967447174
Shirala,923.088891154035,6.317176554589023,2.2157856049628952,0.7931428739967394,0,0,0.0
Atpadi,1201.2585618428882,11.792200209549573,3.612651162125132,0.853784921704667,0,0,0.004802171416640568
,884.6216260953703,12.103518226932696,4.753219273793931,0.24197713031704537,0,0,0.001251281432792619
Atpadi,1167.1384224130284,9.107309489920024,4.484817929052208,0.9606269755131998,0,0,0.0
Jath,774.0586290684764,14.127120439934858,4.06425910614121,0.19692570445342839,1,1,0.9951456310679612
Jath,1105.9608355830565,9.54983323890242,4.153789373013195,0.9514298103618323,0,0,0.0
Miraj,1288.31372413158,10.376729360414627,3.659939613903981,0.994819293965951,0,0,0.0
Palus,505.67109997454213,9.48078452714839,2.041147430264012,0.7117228057460487,0,0,0.007928802588996763
Khanapur-Vita,840.6209489059047,10.046737142744403,4.628780122823319,0.9811437317918219,0,0,0.019417475728155338
Atpadi,1115.414425436108,6.711174739314394,3.682929247623336,0.5695397795671037,0,0,0.0
Atpadi,959.3909227914014,5.6798473522171165,3.24176252392176,0.25954178317609033,0,0,0.0
Kadegaon,1074.2291746742617,14.783515189674917,1.4439578768539243,0.43699588566562086,0,0,0.000441306266548985
Jath,879.2029626568359,7.459115955045016,2.7882221752257017,0.593560935378786,0,0,0.0
Khanapur-Vita,1017.31795749458,7.025822951631079,2.841433084807705,0.07308156202701499,0,0,0.0
Valva-Islampur,968.864552921584,3.5398296591888556,4.45825443809068,0.6223432646172461,0,0,0.0
Miraj,1233.5564123319614,8.083114756931494,3.186592880751154,0.9811778367622945,0,0,0.0
Palus,1050.8841686602427,6.030730619777505,2.5216021958816386,0.19010764978372763,0,0,0.0
Kavathemahankal,1067.5205324150404,14.926045480409108,4.907201314042638,0.7925951162883833,0,0,0.0048543689320388345
Palus,917.6246067755065,13.029451268027902,1.4428823733052627,0.9078987937796194,0,0,0.03398058252427184
,902.4787551855013,7.935548964466829,2.6901937132477785,0.9437015928202208,0,0,0.0
Shirala,913.4883624360758,16.757307416032926,1.1680987006856212,0.9601356044054472,0,0,0.04854368932038835
,1078.8904284756593,12.945296460974783,3.9596164830677214,0.5214596387214719,0,0,0.005065428450823132
Atpadi,915.8031038359475,9.025505849474133,4.672306208796602,0.9773079079915037,0,0,0.0
Miraj,1057.9549713792826,2.5017828553792807,2.1201493182019577,0.7573102071344389,0,0,0.0
Shirala,1415.0801597290879,16.872827717772225,4.433366707196484,0.1616714362369619,0,0,0.0010402219140083217
Khanapur-Vita,1174.2249406863384,5.831282599709212,2.168872921847591,0.47690010646797,0,0,0.0
Kavathemahankal,934.7952935664317,5.063803759129325,4.643080646575661,0.718331175372004,0,0,0.0
Jath,1240.242784432789,13.067711296028921,4.015847614387136,0.24734031581908333,0,0,0.005065428450823132
Miraj,918.3849253956897,17.319257219017818,4.2196271073657545,0.6406151835488874,0,0,0.006631353912771143
Miraj,592.3750929644292,14.152818455531555,1.072026222401818,0.6666004790466192,1,1,0.8839364518976169
,798.3827378165192,11.69172736015708,4.851241428296104,0.1626997438085659,1,1,0.981622746185853
Atpadi,625.8416157948288,11.784263024995859,3.906683968281293,0.5650853124527563,1,1,0.9900772523227895
Tasgaon,929.6973031917382,12.560246676340924,2.2190043815445333,0.7716269109786077,0,0,0.006631353912771143
,1003.6836758379103,12.276785769360295,4.317578659435387,0.4988956645359419,0,0,0.00021105951878429716
Miraj,1335.2874624550566,10.843574271908128,2.12608479365972,0.012103116776107425,0,0,0.0
Kadegaon,1065.3854747528326,10.312603311855629,4.491015358264512,0.009038469079292177,0,0,0.0
Kavathemahankal,956.1798942382271,9.812220616301433,1.450321561647748,0.3570293439700122,0,0,0.0
,1165.8811162366978,7.7381062333999715,3.814743909843183,0.926194068431782,0,0,0.0
Kavathemahankal,557.7729381984229,9.157974769399678,3.1627939065796413,0.22867677960360877,0,0,0.014563106796116505
Kadegaon,1047.1229116217132,4.921129557413844,1.3861378807817633,0.6343636888716871,0,0,0.0
Valva-Islampur,1154.1730387773935,9.70498111961575,1.967575313035356,0.22207587069332058,0,0,0.0
Kadegaon,704.2827508440316,7.034226678547247,1.0496161451092592,0.3216699896595486,0,0,0.0
Kadegaon,1228.750808641386,6.689232048352688,2.8750718618580233,0.848042089601484,0,0,0.0
Kavathemahankal,1067.6992814988828,10.539682453460436,2.2050610430400015,0.7288614422699469,0,0,0.0
Palus,916.9424172198397,14.176006859033798,3.3934299371910353,0.09539927731321063,0,0,0.005736981465136805
Kavathemahankal,1126.556373221257,12.754949818006939,2.1889512308344687,0.4287020209864336,0,0,0.005065428450823132
Tasgaon,1454.1385715608792,5.288498189130469,2.1996764460279388,0.029169763645264468,0,0,0.009708737864077669
Atpadi,1036.373251011699,7.031115590288987,3.9727727949264136,0.480890146603009,0,0,0.0
Shirala,1049.644117260067,12.822313563964649,1.1925713439134138,0.6624340117010681,0,0,0.000441306266548985
Palus,908.1278200919512,7.052537819385071,4.611579980767949,0.11850262359815156,0,0,0.0
Jath,830.0311261070417,9.326100550008926,4.409055497564726,0.28888493890916567,0,0,0.007203257124960852
Shirala,1166.067163308849,11.650156297073655,3.671218732905626,0.3978366255021569,0,0,0.0048543689320388345
Atpadi,828.7832348182266,7.094966635409094,3.372886280429537,0.9195310246560497,0,0,0.01234317717064903
,1014.3132474438785,10.31612651843788,4.5692099925586085,0.993255015422964,0,0,0.0
Tasgaon,904.4685106469767,5.997923515245387,1.7413207181148578,0.044911298995615856,0,0,0.0048543689320388345
Tasgaon,1095.7959651492783,8.195897068146358,1.3158766487633144,0.761007923495392,0,0,0.0
Jath,1066.7324210573897,10.959345802427611,1.9580406796381524,0.37172406640234323,0,0,0.0
Palus,1207.5079888515797,5.221018799404992,4.178313114800761,0.39245818622948003,0,0,0.0
Valva-Islampur,897.9967202290507,11.321424213881198,1.1386810669059333,0.7542649733470227,0,0,0.0
Kadegaon,946.0250129413257,9.941086603219956,3.3312273403339585,0.9184264321454086,0,0,0.0
Palus,804.2472568435385,11.657469863251443,4.98175006476524,0.9509285945025484,1,1,0.9805042279987471
Valva-Islampur,911.1413479847777,10.671742402193985,4.422784375350158,0.5771225860383208,0,0,0.0
Tasgaon,1075.4600986089704,14.092421289921532,3.085782756174358,0.3571211593005028,0,0,0.00021105951878429716
Kavathemahankal,1151.3977233290705,10.375673507943722,1.2545636371465694,0.7875490858587793,0,0,0.0
Atpadi,815.5669351644749,8.711783376624242,4.325494057542839,0.25100138326230026,0,0,0.009708737864077669
Jath,1173.921184021132,10.366892509096852,3.395914032708842,0.5640740288335178,0,0,0.0
Atpadi,1271.1275717609901,11.629894087109165,1.4597319882382673,0.35857846152487316,0,0,0.0
Khanapur-Vita,1082.6869806447403,10.146580210977113,1.3754291392934248,0.6566310737078761,0,0,0.0
Khanapur-Vita,1375.3591625116132,10.121775073611648,4.63850727774637,0.2403989128935069,0,0,0.0
,845.2421601792854,7.894024936579734,3.6768010517523138,0.19159294573482577,0,0,0.0
Palus,751.0690593377166,8.011297247347155,4.317147197267023,0.9182390866754371,0,0,0.03147510178515503
Tasgaon,644.2559502191443,5.792184184600919,4.51591560112907,0.1018036829495369,0,0,0.02912621359223301
Tasgaon,1299.2088622978367,15.248730229560818,3.287089408193289,0.5059579077349317,0,0,0.00021105951878429716
Kadegaon,1130.8731312708114,6.268410293826145,3.069785407020165,0.22085278296300892,0,0,0.0
Kadegaon,988.883065817909,7.921284406612278,2.7217096412839608,0.03892996332566745,0,0,0.0048543689320388345
Kadegaon,1055.993725263964,7.844778203292408,2.267786351164477,0.03601881829142639,0,0,0.0048543689320388345
Kavathemahankal,774.9021905403247,12.684773130833324,2.738383843434847,0.17522177210582734,1,1,0.989555751691674
Shirala,1489.1503959233653,9.115150965123917,4.0955186229206255,0.8667703545060003,0,0,0.0
Miraj,1025.8442363950455,13.743226218021201,3.4076937240605263,0.28247874397702666,0,0,0.001093672051882267
Shirala,1021.8789589209786,7.979528127268394,4.570093159819384,0.9504591705752957,0,0,0.0
Atpadi,1145.1533247797383,10.836982486671406,2.773520057516751,0.5816222929891935,0,0,0.0
Shirala,1096.2018463473426,7.493958840220728,3.428358314875016,0.4366141897687661,0,0,0.0
Kavathemahankal,1044.7768048558262,16.435447383320167,3.525230212367955,0.5800888346694546,0,0,0.0017769849807323086
,841.9051089109377,6.437204742911462,3.366788649225302,0.5166983852262678,0,0,0.0048543689320388345
Atpadi,1094.2936714271991,10.929462130681083,3.8105350923420653,0.7587762537573252,0,0,0.0
Shirala,1376.4048992950068,11.901330642796296,1.9497338734992251,0.28249606597285226,0,0,0.0016490918381567334
Kavathemahankal,1269.0840092309954,11.241397292354495,3.0494551101831626,0.3530503916003024,0,0,0.0
Miraj,1318.6373253278794,9.444137023366874,1.4168992112333907,0.8940943025332507,0,0,0.0
Shirala,897.756864713763,9.610537900799722,2.53804531057925,0.9464565131504055,0,0,0.0
Kavathemahankal,802.0790359482838,10.13143441593733,2.9506682744850576,0.8925582274864745,0,0,0.01234317717064903
Kadegaon,974.8426159800704,9.558993995114534,3.60889703818189,0.4194479939573136,0,0,0.0
Tasgaon,1011.1449824577389,12.891637350384729,4.8021242103448145,0.7803655030068817,0,0,0.00021105951878429716
Kadegaon,1218.8383036941898,16.631569004774054,3.4026042661934235,0.4763357333010988,0,0,0.00021105951878429716
Tasgaon,661.5070740570361,8.3275246449765,3.974375664706239,0.4975398521461022,0,0,0.006232383338553085
Jath,1305.9100638921227,5.890591061262766,3.025064237980811,0.20468010905728395,0,0,0.0
Jath,968.3984202842021,9.735153854946235,3.5364161255053252,0.5911303032585165,0,0,0.0
Jath,914.623786010516,17.739128012962958,1.2837288645350937,0.18613589775334793,0,0,0.0048543689320388345
Miraj,797.5791249479665,7.588976296090808,2.017566323367388,0.33156469906719377,0,0,0.03471134773984759
Kadegaon,669.0286656268461,14.917350416332201,2.447412372820555,0.8550302016199351,1,1,0.963461739221213
Tasgaon,1164.6341167923829,15.033102442229321,2.8899734200260543,0.20707580921085522,0,0,0.0059480409839211025
Kavathemahankal,1014.6635934376808,8.339235274876016,1.182594982009535,0.07115828517343281,0,0,0.0048543689320388345
Atpadi,742.0078200517892,11.706949237555826,1.5600963902132707,0.0690075926128163,1,1,0.941747572815534
Kavathemahankal,740.9842455872767,14.885189869385615,2.107257231165223,0.9407845205031079,1,1,0.9637994878502606
Atpadi,932.8430601419743,8.86261677703754,4.886130763604203,0.5069204379618346,0,0,0.0
Khanapur-Vita,1333.8043050578785,9.389258919692915,2.325388028412203,0.40941207181701833,0,0,0.0
Kavathemahankal,948.081729727279,8.254957258154068,2.92816423244833,0.8108785810079184,0,0,0.0
Shirala,699.3714093763788,6.955729807921399,1.7843908509535717,0.835825927910516,0,0,0.012057626056999686
Shirala,950.8513871828111,8.052167364801978,3.443120284303073,0.3321910331156046,0,0,0.0
Palus,945.4552860504659,6.32817919971323,2.122732862063897,0.6936180574737952,0,0,0.0
Kadegaon,460.6226714116857,10.102250404777678,1.827970313753707,0.7711228158518866,0,0,0.0186084142394822
Atpadi,989.1410266964375,7.690080306824075,3.0662905137839163,0.6546506868659545,0,0,0.0
Atpadi,953.8130939582644,10.701357735372243,1.0220231966416833,0.15159507480009937,0,0,0.0
,1139.2412729626838,5.332313061389118,1.0306561305969013,0.875883083517057,0,0,0.0
Kadegaon,1369.791218989069,10.99264069664337,1.876275236407431,0.5390945527360087,0,0,0.0048543689320388345
Miraj,1225.3130059095515,12.500586884826774,1.1468854500032846,0.2824724263700037,0,0,0.000441306266548985
Palus,946.2222618890339,4.018793072285634,1.4321030165227655,0.4252281854376939,0,0,0.0
Miraj,778.694818251666,11.122169709542716,2.3554425973550064,0.03757109039890738,1,1,0.8883804834239173
Miraj,1514.671960649972,13.683006977419875,4.210342718319252,0.12786680122241756,0,0,0.0010402219140083217
Miraj,1011.8436868028977,6.371076943926384,3.2881945734772033,0.7655467505158609,0,0,0.0
Kadegaon,1002.7858583825893,15.01771716051311,3.0506709038256656,1.1634755366141114e-05,0,0,0.00088261253309797
Miraj,995.1749825779993,11.257057028098135,2.1739552928324866,0.4165658284822922,0,0,0.0007664793050587633
Shirala,1039.616952153571,7.884964432724773,4.727014877731266,0.5225101810855884,0,0,0.0
,971.1279176152115,9.832692767026883,2.5880601649487667,0.054634420000972295,0,0,0.0
,885.2675986239527,11.674980737565168,1.348371067183086,0.9730781629723328,0,0,0.08737864077669903
Jath,890.6282117519215,10.228016174237235,3.468266064471205,0.22612533124967193,0,0,0.0
Khanapur-Vita,993.4493459568004,11.616267977339108,1.4553535739064056,0.30419871963628087,0,0,0.0
Atpadi,891.315045773247,7.237979220761901,2.3808925712067683,0.30394251225502733,0,0,0.0
Atpadi,857.4308434645671,10.508082472108233,3.0296477548712355,0.2304166621173499,0,0,0.0
Khanapur-Vita,1021.2860455383793,5.758856509285059,4.496890098740703,0.001473822086311416,0,0,0.0
Kadegaon,949.004556515829,9.6663218159539,2.9741863213604747,0.7293447940879964,0,0,0.0
Kavathemahankal,1300.7985977165376,7.288277075605631,3.809035064126657,0.9668454997992854,0,0,0.0
Kadegaon,469.80603832139764,7.7934101722307005,4.9712673559962814,0.22429348328504506,0,0,0.02912621359223301
Atpadi,1218.3013703844924,13.708279525631312,1.5259564795919265,0.6630471918034224,0,0,0.000441306266548985
Atpadi,1249.2170384995259,13.273930361782806,2.098926102078078,0.7418963269587151,0,0,0.0017769849807323086
Khanapur-Vita,585.32195351837,11.82741436272153,2.5783043023905856,0.8484253790905247,1,1,0.9804877445728322
Miraj,931.4624811839302,6.723061705982263,2.6873127141553255,0.4226291970136091,0,0,0.0
Kadegaon,925.7118268008417,9.050774650915594,2.644084301062183,0.30293090564042924,0,0,0.0
Tasgaon,718.4976610564357,13.63929309993755,4.63044401022622,0.3252951340230311,1,1,0.9831424719835509
Khanapur-Vita,844.4366624818249,10.425150740919713,3.8561305778674257,0.7126213330985128,0,0,0.014563106796116505
Shirala,777.8848309068343,16.957988619945084,3.431620856362815,0.816779466505636,1,1,0.992587952813446
Atpadi,1350.4540886847244,11.179953518183115,2.2374908714511283,0.18161396775660266,0,0,0.011357829702234402
Khanapur-Vita,1187.1356786294923,10.576147349470094,4.295161536885178,0.3709410081577652,0,0,0.0
Kadegaon,1254.3110189988317,9.072650607392497,4.820242045939956,0.90194019674915,0,0,0.0
Atpadi,1144.334412808647,10.400622714346847,4.284793130200907,0.8066935196947392,0,0,0.0
Kavathemahankal,774.1896457565542,9.542590490858368,1.0062604207658916,0.9848584027624758,0,0,0.009994288977727013
Khanapur-Vita,895.0959467440452,12.12432603006577,3.545605480733628,0.7542482596820808,0,0,0.005013230935424865
Palus,1097.8749122455836,12.870106950383752,1.204541525768403,0.39319520102792227,0,0,0.000441306266548985
Atpadi,755.574438221611,7.642031618476151,2.0304288813348874,0.5906378339946378,0,0,0.010439503079653408
Kadegaon,1142.5996860344776,6.006301139326666,1.2380988013910867,0.6610142542473203,0,0,0.0
Jath,951.934920368373,4.49138388069011,3.415181811797551,0.07845581631712395,0,0,0.0
Tasgaon,925.0358384900806,11.523973980737631,3.746359653970427,0.5444969591038651,0,0,0.0048543689320388345
Valva-Islampur,1142.1919936406982,6.689900181478379,1.4579505522636205,0.7093208284726096,0,0,0.0
Miraj,1088.8526622972079,3.5413282211425514,2.535355532179918,0.16732130400106038,0,0,0.0
Valva-Islampur,927.806766836184,11.165735813592892,2.824946035822168,0.7806317174255571,0,0,0.007186773699045609
Kadegaon,1231.8659606728497,17.47899855229837,2.4762120870436664,0.5837727805141116,0,0,0.0017769849807323086
Shirala,783.7873344800205,9.98178726538032,1.4841000019407722,0.9522217856975946,0,0,0.005139920045688178
Shirala,1123.1871213888528,12.515472323354926,2.6757911607499016,0.042422298206891695,0,0,0.0016490918381567334
Jath,1118.6202515936768,10.245488075642696,4.004712191233672,0.26532613755546697,0,0,0.0
Miraj,938.090712137202,9.703331040426573,1.2840306581330219,0.6015538792998241,0,0,0.0
Palus,1065.2266044484236,12.757229448963306,1.3207200563276138,0.2965599122059307,0,0,0.0052956751985878195
Jath,749.7772847229394,9.129176367434045,2.419085167343937,0.7144241640712422,0,0,0.002348888192922017
,1184.8054038413802,10.80217694221571,4.7669028464757,0.759005282521931,0,0,0.0
Valva-Islampur,963.0195727114021,10.96509341858804,3.674290586891656,0.10251596406647445,0,0,0.0
Jath,895.4553958961922,7.995728639070854,3.714679826690259,0.5138544642067677,0,0,0.0
Valva-Islampur,1209.801845167378,12.976127048609568,2.44767996335146,0.5088905555910559,0,0,0.00021105951878429716
Atpadi,859.1312618914482,9.475120729913774,3.3746431648341537,0.36928077021554107,0,0,0.0
Shirala,718.3077407272881,7.7327645215214655,1.0405247361109735,0.9329248625696721,0,0,0.00028555111364934324
Atpadi,688.6741652952193,11.60952953071121,3.544384185638169,0.8275063198732212,1,1,0.9877335838814072
Tasgaon,1121.201990269128,7.304596054626888,4.653147790304947,0.6972093819096368,0,0,0.0
,743.9141295007435,10.084543472107384,3.4502938733792767,0.7143266357349976,0,0,0.002348888192922017
Miraj,1350.9588363968728,9.97264301006739,4.49479437386538,0.4617161438131191,0,0,0.0
Palus,583.6141184232556,13.257686697494734,3.8958922218643752,0.9209945210965759,1,1,0.9838187702265372
Valva-Islampur,1339.2912736580076,11.424094698639859,1.482233665614761,0.6945954272532854,0,0,0.0048543689320388345
Palus,1042.2034934405237,9.924919123764568,4.609813229143366,0.7289810616558164,0,0,0.0
Valva-Islampur,980.6573776259215,12.453298897600861,1.2657753774230995,0.8616909037873453,0,0,0.0048543689320388345
Kadegaon,891.01618263821,14.170622647051939,3.135869890191055,0.274071589342191,0,0,0.001093672051882267
Jath,1079.827222870414,11.673430919055587,1.5685484951738307,0.807070903866703,0,0,0.009708737864077669
Tasgaon,992.4730595150303,10.031057859530142,1.0468264429236163,0.19524060295649204,0,0,0.0
Shirala,1220.6603764033043,6.064491302949522,2.688137040510556,0.34534195224488784,0,0,0.0
Valva-Islampur,1022.845529732408,6.804659010773882,2.180162830616625,0.3356104542698427,0,0,0.0
Palus,1030.0603522923755,9.084325886935996,2.944001975190412,0.9785254683891406,0,0,0.0
Tasgaon,927.2775575572289,8.171463393522151,3.308799546938203,0.8565372237479268,0,0,0.0
Kavathemahankal,988.6108752557865,9.439086091043663,1.1749562892357894,0.7011698615902597,0,0,0.0
Kavathemahankal,1061.5603537784118,10.169949774691322,1.4920131804949825,0.7270567616153901,0,0,0.0
Atpadi,657.9663214686749,11.589078263070192,3.2345695858017014,0.5620727944025711,1,1,0.9900772523227895
Shirala,730.3629155788574,9.788503665822727,2.372669412690633,0.9470906671085191,0,0,0.01072505419330275
Kadegaon,1148.652818804543,11.459504931478605,3.916693950197792,0.49625875288236154,0,0,0.019417475728155338
Palus,1034.1730876255883,10.193423244430361,3.6091665943677587,0.3805177098698945,0,0,0.0
Jath,963.2033327294641,4.073600300938386,4.382417451959627,0.163035336931591,0,0,0.0
Jath,1003.6867866130787,7.181993818543737,3.769971306676901,0.786205652261058,0,0,0.0
Palus,1069.5163410723342,9.567737332835154,2.7197243095605925,0.7344439320755914,0,0,0.0
Miraj,892.0480639381277,6.370915771476677,3.6918664895777296,0.3843550385241349,0,0,0.0
Kadegaon,844.3390549195375,11.799786189988613,2.101524697021674,0.02519341395922936,1,1,0.8123287034886422
Tasgaon,1039.1690510195363,14.592252497031092,2.2252539951128507,0.8389973277180107,0,0,0.0015659254619480112
Valva-Islampur,804.3254444769937,13.65628555509195,4.155940639683173,0.011417983454073632,1,1,0.9864771151178918
Miraj,1081.6505511428943,9.359671387209376,2.7856780656063287,0.703699779629051,0,0,0.0
Valva-Islampur,659.4832791524319,14.472178410549855,4.19352136207341,0.970257109726057,1,1,0.9813915857605178
Valva-Islampur,1205.8311274651287,10.446002371606335,4.289689494673114,0.43766132814820347,0,0,0.0
Miraj,1094.5194964826087,8.988742086645882,4.430249350645135,0.23497340499595276,0,0,0.0
Atpadi,1051.2059468627751,8.159792009377181,4.666540943364829,0.7048710100433817,0,0,0.0
Kavathemahankal,1196.5381967891028,9.092590940535615,2.723940882053185,0.8171281420155851,0,0,0.0
Valva-Islampur,1333.0948888925154,8.835469544376313,2.2754672732845553,0.5464303160778473,0,0,0.0
Miraj,1202.874013003626,10.511248667126463,3.3287949863764554,0.9670352752561462,0,0,0.0
Miraj,631.825153733671,10.481721943149594,2.4846896937505103,0.0516687216579611,0,0,0.05339805825242718
,744.0846066528597,10.009138060460243,3.404296667200932,0.5047955983045281,0,0,0.007203257124960852
Khanapur-Vita,875.0362844608642,11.31081450923905,3.8223434505752985,0.7184539473225501,0,0,0.01127466332602568
Atpadi,1005.2182100421668,13.571938824359023,3.7536200739685475,0.862640471149179,0,0,0.004802171416640568
Shirala,1103.5318040938246,12.848662406323971,2.4982115480804854,0.17925561190779005,0,0,0.00088261253309797
Khanapur-Vita,854.8512373693069,5.5453060946502895,1.6674408067950113,0.8000034817636814,0,0,0.014563106796116505
Khanapur-Vita,1037.3533528954156,2.338236595294136,2.72211735384883,0.5527070757185453,0,0,0.0
Palus,848.9234135293354,12.80295973371782,1.570376576327635,0.3965536819899632,1,1,0.6120917917034422
Kavathemahankal,877.6964394016104,5.899363904753737,4.560388140735233,0.13171502857909356,0,0,0.0
Miraj,718.6677806303555,9.32570379432195,2.3835098429514296,0.8652957589089124,0,0,0.005870685261263916
Kavathemahankal,815.3533507778192,6.489660921821922,1.6178389888932951,0.15727320817971535,0,0,0.01779935275080906
Kadegaon,729.6630788767333,4.594058687259941,1.1017910396230035,0.30978785920909924,0,0,0.0
Palus,804.8253494045334,11.624388184614364,3.583289545145937,0.2900455319624369,1,1,0.9780770435327277
Shirala,1210.728359321568,12.27746548090794,3.547609269818973,0.8714140341908543,0,0,0.004802171416640568
Kavathemahankal,810.1202222336115,8.270468797819841,2.3624166663251667,0.672702994208898,0,0,0.005585134147614573
Jath,1526.4764129674782,2.2268731235652703,1.286847555390604,0.7966813971913723,0,0,0.0
Valva-Islampur,1098.663580176178,8.361266655242552,2.638515579580928,0.250467898792499,0,0,0.0
Kadegaon,1036.967224738975,11.17541201620764,2.2448699802535743,0.6248740996069989,0,0,0.007186773699045609
Atpadi,828.3284439637573,5.563265293677613,3.7084825589400374,0.5717459831437487,0,0,0.012057626056999686
Shirala,1140.0619758817984,10.550079759337468,3.4231169978107614,0.8328303767882711,0,0,0.0
Kadegaon,884.8724347524452,9.954070452481014,2.45837491279016,0.9060870604812605,0,0,0.0048543689320388345
Valva-Islampur,1024.4019629290724,11.737874498803265,1.8715702170199604,0.012156771477386807,0,0,0.011357829702234402
Palus,1512.016907653759,10.35874110524246,4.952143864622368,0.6740199190587927,0,0,0.0
Valva-Islampur,980.78802005507,7.080793177355334,2.8160064847844595,0.05183579911972902,0,0,0.0
Khanapur-Vita,1229.8546652571351,13.589714504993474,3.753096943120948,0.5488586650773559,0,0,0.00021105951878429716
Valva-Islampur,859.3647149748225,9.52441128091909,1.562211870313443,0.2876327290436782,0,0,0.009708737864077669
Khanapur-Vita,993.0023019006077,9.918086381470204,2.942358798637591,0.3067765995221412,0,0,0.0
Palus,1354.160127127102,7.200196122780412,1.110146879477862,0.3529585034523566,0,0,0.0
Tasgaon,874.6065884424465,8.67015324642547,3.0218204716418,0.6212924490496101,0,0,0.0
Khanapur-Vita,1362.4897115993858,7.345591857919297,4.856069628470809,0.3340499656687692,0,0,0.0
Atpadi,1141.550387091095,9.481161820229731,2.536826851943201,0.7326990505902804,0,0,0.0
Valva-Islampur,887.5066448211464,15.13512544042703,1.1559840502996463,0.4045273855738697,0,0,0.0024271844660194173
Valva-Islampur,1126.4815478111043,5.884296571205931,1.1238231636773741,0.06835320030995862,0,0,0.0048543689320388345
Atpadi,1194.510889925346,5.159315806369777,2.551947039787478,0.7837598424841072,0,0,0.0
Jath,1124.3619924434392,14.413510982480826,1.6400997458527762,0.285758324592706,0,0,0.019858781994704325
Miraj,685.9550560219087,9.372028968544402,1.0934083853127436,0.43276687959926263,0,0,0.0
Tasgaon,854.5725648350262,7.99278178402025,4.024854455800707,0.6854438832219015,0,0,0.0
Shirala,950.4962728896991,13.11971406218823,2.8340920355275627,0.332456157148712,0,0,0.00021105951878429716
Khanapur-Vita,985.1133141799908,8.183153380789408,2.156979087890618,0.056585656146715624,0,0,0.0
Atpadi,1124.1344195101356,15.478029140640809,4.600332732065922,0.3739210470128136,0,0,0.00021105951878429716
Palus,1035.5402001866507,12.033777614017808,1.4645558408021024,0.9444485826943034,0,0,0.043689320388349516
Khanapur-Vita,732.9311282579797,8.536265775562892,4.823675315821276,0.6417343972985582,0,0,0.01691199498903852
Miraj,1076.0395702011926,16.471924639796512,2.2558668695094113,0.6714791486672069,0,0,0.0017769849807323086
Palus,1122.1171490567647,8.182855230989984,4.553614689234725,0.6322821536376398,0,0,0.0
Kadegaon,1111.958089586208,12.226286116027921,3.411771505917846,0.1989921389594368,0,0,0.00088261253309797
Valva-Islampur,1216.1561451109244,10.897877741219476,4.30682943896595,0.41833386410228013,0,0,0.0
Kadegaon,1166.784430909781,13.905223868196394,4.936052652841857,0.7509397983633183,0,0,0.00021105951878429716
Khanapur-Vita,1091.8360158456874,14.684533590180557,2.153621751274983,0.10137289755315915,0,0,0.00088261253309797
Miraj,985.9668577082706,10.0960124471973,4.844541941630371,0.27785277608971226,0,0,0.0
Tasgaon,667.8078132968017,7.73974638896145,2.5579275796096814,0.2763191084658536,0,0,0.012057626056999686
Khanapur-Vita,1085.9236438265173,11.37991642881735,2.5420476189476893,0.432018927594506,0,0,0.005620848237097599
Atpadi,1041.5375374326222,7.966853890743682,2.3615484170180228,0.9803687409421851,0,0,0.0
Kavathemahankal,1054.3157674390748,16.04016174257987,3.165630429390341,0.06750254668382194,0,0,0.00088261253309797
Khanapur-Vita,744.6502848359381,10.409605993248212,1.6165801727139484,0.518700994380595,0,0,0.007203257124960852
Valva-Islampur,783.7886919183475,8.904035346063674,3.2148459414320447,0.17936468201221045,0,0,0.07119741100323625
Valva-Islampur,1210.6305706665808,10.554040917594726,3.166819249640016,0.9706765454097441,0,0,0.0
Khanapur-Vita,992.088969228669,5.9586211314109105,4.04760725041948,0.1133035047274642,0,0,0.0
Palus,1136.300139474525,7.085157884468045,4.334599847750342,0.40360100236159124,0,0,0.0
Kavathemahankal,1005.6636752260922,13.601241723833276,2.761765401249696,0.7378849848346062,0,0,0.0017769849807323086
Atpadi,1005.951227899149,8.029317163085812,2.209332997405975,0.7045544280274453,0,0,0.0
Khanapur-Vita,1187.6567611951996,6.859267051954181,2.037339589268378,0.42272863689393225,0,0,0.0
Palus,896.7910543565253,11.609958257581859,1.7784953468194877,0.34652416795271823,0,0,0.0007664793050587633
Valva-Islampur,1019.2241553881967,13.557112463988991,1.2305903287960995,0.39761237855287057,0,0,0.000441306266548985
Valva-Islampur,907.5449422589916,12.1568599319952,2.3697919153388534,0.2642762631586393,0,0,0.0018601513569410303
Miraj,913.1007545135369,12.98814305741745,2.080990768523133,0.2053329387067998,0,0,0.0013239187996469549
Khanapur-Vita,938.1655753062721,7.7296147342916175,4.865669543465629,0.48303969755889,0,0,0.0
Kavathemahankal,1044.4267543267426,5.734567999774469,3.2308353050001757,0.2685337560676073,0,0,0.0
Jath,904.2502756673045,14.50400095586646,2.38910815612203,0.2874616648972501,0,0,0.005065428450823132
Kavathemahankal,1251.1512251147042,9.031960483473593,3.321870403974784,0.6567560634745571,0,0,0.0
Valva-Islampur,821.0785395560993,9.247500950634858,1.556786805382782,0.9685373316998922,0,0,0.009994288977727013
Valva-Islampur,962.6256711677282,13.984582425547174,2.7761749968088116,0.6036372005593751,0,0,0.0017769849807323086
Kadegaon,912.053788345165,11.66869002820198,3.5049372856842553,0.07697946706496628,0,0,0.0048543689320388345
Valva-Islampur,1289.3955768707465,11.367663316244823,2.9555913271698055,0.07558361385406698,0,0,0.015445719329214474
Atpadi,1039.3109553023148,16.495007034703253,2.607115202617297,0.951423220845566,0,0,0.0048543689320388345
Shirala,1206.368907893727,8.06944530885957,4.975393555598792,0.29729079030733363,0,0,0.0
Khanapur-Vita,702.8879253926057,12.783520384243712,4.521259048595708,0.09206698608247543,1,1,0.9961858529819695
Kavathemahankal,1053.4100531738518,10.171039374691254,3.4936238326377604,0.5990445871503816,0,0,0.0
Shirala,1177.9261591246875,10.805776836589772,3.277509444729131,0.6236487782902661,0,0,0.0
Palus,1016.4567978550848,14.585405279237595,3.482641919298336,0.6485048201186882,0,0,0.0017769849807323086
Jath,1213.0960750130703,11.52350726886887,1.805248431289733,0.2674020278575413,0,0,0.0016490918381567334
Atpadi,896.5423099799256,11.614888237148898,2.5805509730572744,0.015110684214475034,0,0,0.0016490918381567334
,1281.8694880371158,13.217522011929407,1.1578381315635973,0.9650153694544719,0,0,0.07766990291262135
Kavathemahankal,1459.77962472385,8.905141811371344,2.9021841499473067,0.2508930456911025,0,0,0.0
Shirala,927.4322879120682,7.482370997982981,3.1720983358306527,0.6760262880525475,0,0,0.0
Jath,910.8994957198456,6.8655724179368995,1.9109989444128384,0.7066298698787096,0,0,0.0
Kadegaon,1290.6768954235401,4.1009302318719945,4.8561153886620545,0.6100074170794857,0,0,0.0
Atpadi,1315.9144291461425,16.168621389820967,4.637818443748968,0.3129073942136482,0,0,0.005065428450823132
Atpadi,895.4279945693463,6.69037490283495,3.8885729418236235,0.27109625376406576,0,0,0.0
Kadegaon,915.9626365808285,9.336239129242685,3.1335465150614503,0.5976682827027031,0,0,0.0
,943.6430782278985,9.169560100333237,4.47987663859074,0.8660956336116915,0,0,0.0
Khanapur-Vita,731.1098977931446,10.922220093427303,1.5226093752938517,0.9467337289233956,0,0,0.07148296211688558
Kadegaon,816.2696107031604,12.44721163761789,4.16203917709954,0.10590580440375763,1,1,0.9961858529819695
Atpadi,799.1718466495864,12.581420465079237,1.4992832558673932,0.15482861259771985,1,1,0.9352750809061489
Atpadi,846.4404869791744,8.250767684293184,4.176842650197622,0.9447362587830797,0,0,0.0
Shirala,993.0630225226438,9.498634858640765,2.103070273005428,0.7365352283347926,0,0,0.0048543689320388345
Valva-Islampur,1046.842946507304,10.8477398514649,4.508362324072756,0.8829938248297731,0,0,0.0
,1310.1000985628154,9.25392662144936,4.776168375301591,0.20263263413534316,0,0,0.0
Jath,800.3291918522418,14.822036728059977,1.5951838776204625,0.5875858711094019,1,1,0.9691773671573232
Kadegaon,1196.8644796953167,11.472924854914755,2.850702420261574,0.7011395944174736,0,0,0.012041142631084443
Jath,957.2022311548982,12.204633358149453,4.92394951265074,0.6801118854469727,0,0,0.00021105951878429716
Kadegaon,990.1072580695134,11.988643806002237,2.9336297438925865,0.4081516908666981,0,0,0.0007664793050587633
Palus,1134.9638984333208,13.520421572455975,4.45419009005818,0.015394891691308477,0,0,0.0010402219140083217
Atpadi,775.4555956875403,10.54306467611112,3.3549260885252794,0.5829260568042631,0,0,0.026620732853116193
Valva-Islampur,1076.4819492368101,6.10950415613246,2.5013196316784074,0.25310153917960876,0,0,0.0
Shirala,1033.2904416426113,11.199063855257926,2.143134222103481,0.45025424614289034,0,0,0.005620848237097599
Valva-Islampur,1098.4902528016298,8.045929318624513,1.812892364344349,0.9575810150838173,0,0,0.0
Valva-Islampur,1057.8337287815637,8.41414995475073,4.047192765510789,0.3990353176424347,0,0,0.0
Valva-Islampur,1491.0600279821788,11.75909205626528,2.5461620272921115,0.8398016066644267,0,0,0.007186773699045609
Jath,872.4520031497368,13.714849214300907,3.0451018488030046,0.18854060574925113,0,0,0.00088261253309797
Kadegaon,893.8006089996364,10.063814730208184,2.9693019200047277,0.6724604980250288,0,0,0.0
Tasgaon,875.3718947150471,10.92649903779689,3.309116116932525,0.9770069544389435,0,0,0.0
Palus,888.904576167949,15.106644833905714,4.462308582498209,0.10189310087293679,0,0,0.005894590846047156
Kavathemahankal,872.5225745386965,10.722259538465705,4.922957374333718,0.008319942227192012,0,0,0.0
Valva-Islampur,1237.8033062215104,17.805049342541185,2.6303368342952678,0.43358279263261434,0,0,0.005065428450823132
Khanapur-Vita,1284.1008495979709,11.696528936894632,4.310075688425212,0.0926254830513672,0,0,0.010748959778085992
Jath,885.8507412501048,4.717711722532547,4.058111178618871,0.7483843496762314,0,0,0.0
,833.5288853791542,12.260024863313598,3.294115805822293,0.9145486638485589,1,1,0.9670357338049531
Shirala,1094.2831112772808,11.143475154648334,4.824188574447732,0.43402097270875883,0,0,0.014563106796116505
Kavathemahankal,889.5553911438058,13.869258262248238,1.8018980621136111,0.25871164215544096,0,0,0.0013239187996469549
Tasgaon,1126.586363551102,12.019544053809875,1.4370568412384856,0.4344033190066098,0,0,0.0
Khanapur-Vita,1040.58460417026,9.584632048048679,4.415847867821689,0.723447817850001,0,0,0.0
Tasgaon,696.8511770005537,6.327105291131903,2.756599266534993,0.009054161580370979,0,0,0.03398058252427184
Kavathemahankal,1309.5010402660123,9.372930228141925,4.387875416828242,0.5894539894846972,0,0,0.0
Valva-Islampur,1359.1755346191044,7.448438637372099,4.572360820781659,0.6132916848873791,0,0,0.0
Khanapur-Vita,877.4422619031227,8.258429650585832,1.2498303744762858,0.6376882468959355,0,0,0.0
Tasgaon,922.4596880128032,11.765735213261829,4.533859051944242,0.2420220799808772,0,0,0.012367082755432269
Shirala,1057.173078144981,15.00971351305422,2.7932762214776887,0.7140527233781268,0,0,0.0017769849807323086
Kadegaon,1066.891357997405,11.184014589468944,3.041729956016929,0.0913914863317764,0,0,0.010591350397175639
Atpadi,1131.7088545345662,6.412350813894447,3.506370044372841,0.1992703364668008,0,0,0.0
Kadegaon,1402.04090775327,11.333808004660423,4.7055304269203475,0.8774700466544819,0,0,0.0
Kavathemahankal,964.6105545011901,13.589894459936954,1.0764643777190561,0.7387231507265664,0,0,0.000441306266548985
Jath,840.3405510923093,8.170651287041853,2.9073738732712684,0.013745554011345251,0,0,0.04854368932038835
Atpadi,724.1361543970945,9.597948499981246,3.7508881697222427,0.2483762603698002,0,0,0.009708737864077669
Palus,853.8139920116162,10.044064584187591,3.890827830792914,0.21440648299316456,0,0,0.009708737864077669
Shirala,993.3746054252406,7.64530506075328,3.770129726148432,0.2708063280369726,0,0,0.0
Palus,1358.9115727035576,11.944841301531577,1.5377405176324874,0.2475597702798864,0,0,0.0
Khanapur-Vita,896.4777401927657,9.637155554176655,2.197582353486725,0.06252629574284574,0,0,0.0
Atpadi,1044.7575903277798,11.258597331721083,2.434862101668054,0.45894051659682034,0,0,0.0007664793050587633
Palus,996.7154207854496,7.3375234665937,4.21774883071802,0.7327334747861651,0,0,0.0
Palus,1237.678654689617,8.687625099029768,2.115039489658212,0.6067317247174364,0,0,0.0
Tasgaon,1505.3864851747244,12.167144073483314,1.8428198554688127,0.6728716685980798,0,0,0.0027737110335557596
Kadegaon,893.8262454159359,8.881500543724698,4.829792076152385,0.08114917853623915,0,0,0.0
Tasgaon,902.1121114963555,15.180891553700215,1.0354531404538756,0.9514907101767872,0,0,0.06310679611650485
Atpadi,1208.8321754138144,8.801091443156192,4.991283422727912,0.8384918338430248,0,0,0.03398058252427184
Atpadi,1136.3782979252624,10.674054177255657,3.7072851954295825,0.8050903184956627,0,0,0.0
Kavathemahankal,1369.3414651472067,12.79777249561927,4.313877197796469,0.8229838050417675,0,0,0.009656540348679403
Tasgaon,1116.7856370651928,5.7449028012009045,2.1784775853847727,0.9327105081327614,0,0,0.0048543689320388345
Miraj,928.141581842588,4.717573564057672,1.05726111066824,0.5442539661136977,0,0,0.0
,1118.1309661384619,5.423031056289716,3.95147807424612,0.2002820178676259,0,0,0.0
Kadegaon,1221.7407161165816,13.787752310281547,4.336578388002703,0.6167836078525412,0,0,0.0017769849807323086
Atpadi,1164.0964362394727,8.344425562322659,3.9619045278140765,0.742881493667939,0,0,0.0
Kavathemahankal,1101.4548062214596,17.674597857004755,1.5714011492033544,0.7379173933540254,0,0,0.007281553398058253
Tasgaon,1213.3349379178308,8.307257204027835,4.013711689027876,0.5214490241668801,0,0,0.0
Kadegaon,1233.8591180891344,10.55365390959111,4.075691128430564,0.06845871933357806,0,0,0.0
Tasgaon,1276.4317982075054,14.626329857703627,3.6341620626802196,0.3711129384301278,0,0,0.00021105951878429716
Palus,1129.7419775179285,16.018278664477368,4.064463731182345,0.9207666084633573,0,0,0.022653721682847894
Kavathemahankal,966.5763839366291,16.184510729909192,4.383685758710929,0.584448909757426,0,0,0.0017769849807323086
Kadegaon,1029.3427372866645,13.625098691779428,3.4544164569498337,0.5383319432557134,0,0,0.00021105951878429716
Valva-Islampur,1241.3017933016713,13.072187577434388,1.3544188558787162,0.2688535143821935,0,0,0.000441306266548985
Khanapur-Vita,836.6128658025527,11.777580847603549,2.9505112386688435,0.3684489199165789,1,1,0.9683683056686501
Khanapur-Vita,1073.7346617745802,12.335083228499913,1.3105973386864203,0.8953460891531693,0,0,0.0048543689320388345
Kadegaon,921.3322375345278,8.3464428510144,2.6301721241297233,0.6664630475268357,0,0,0.0
Tasgaon,1005.7489645869636,7.545403349733078,2.6284259565025105,0.7873870267523329,0,0,0.0
Kavathemahankal,1255.6903725214597,9.989876627767144,1.2640393765609663,0.45434542306765513,0,0,0.0
,1038.2198136039806,9.489446132425215,2.3952821358779173,0.6302472194561579,0,0,0.0
Khanapur-Vita,1009.2873096312297,8.640315852018174,1.4439923951652593,0.24838360874320753,0,0,0.0
Kavathemahankal,728.0287718040162,12.089162342370146,4.232940840036889,0.7054608302834863,1,1,0.9861154609040609
Khanapur-Vita,1149.250713205444,12.865915625711532,4.7907521038578835,0.4276013337033373,0,0,0.00021105951878429716
Palus,1129.0968362282151,10.265220658875542,1.2892659010317544,0.4425455148147456,0,0,0.0
Tasgaon,1432.6509446610921,14.432590243165786,4.820460829166805,0.6493223245768817,0,0,0.00021105951878429716
Palus,938.4443530093998,6.574932657599485,3.0903063973469806,0.9362806214689267,0,0,0.0
Khanapur-Vita,1043.8300655327878,9.419021622160846,2.1982627118154956,0.06400634660862092,0,0,0.0
Valva-Islampur,1049.876736742151,7.849533038191585,1.307448301104654,0.8247432373470076,0,0,0.0
Valva-Islampur,1315.4906559526949,4.40039014878082,3.0024970722816713,0.2923831104121931,0,0,0.0
Palus,980.9408935226096,9.751957942471902,4.178062177962994,0.4439194545063778,0,0,0.0
Valva-Islampur,1055.8043051540678,9.634757474850149,3.8283459090667926,0.021913328775008956,0,0,0.0
Khanapur-Vita,1121.5793019433079,14.540349229726393,1.200904045855895,0.30104607783431303,0,0,0.000441306266548985
Kadegaon,1037.3218246312717,11.892435053664332,1.291607341471614,0.5026312426301305,0,0,0.0
Palus,910.7132770898943,6.927439527012385,2.6114931305305484,0.05617607734743901,0,0,0.0
,1038.8179985796614,15.562277699002564,2.181161976191773,0.49109572938316515,0,0,0.00021105951878429716
,1214.7263499719545,13.66310108657606,1.9295372922241913,0.9271106288584273,0,0,0.043689320388349516
Jath,794.696940117788,11.746293110405848,2.1240179956348544,0.10539321810780522,1,1,0.9806134931326551
Tasgaon,1026.5939348293753,9.320547703450504,4.213930973187539,0.7644407280755043,0,0,0.0
Valva-Islampur,859.9758370121654,7.121682289829561,4.716912214527415,0.40967105337599263,0,0,0.0
Valva-Islampur,1239.0093257849685,8.883379671786841,2.6204107781102657,0.655173714524338,0,0,0.0
Atpadi,695.3626190432451,13.266245859112558,4.624444008529988,0.26023659798522936,1,1,0.9793283249655205
Miraj,888.2156305456823,15.653758917803827,2.285982804991528,0.1594922625413583,0,0,0.010591350397175639
Palus,1075.4423750129042,14.629730584816567,2.9057479453751665,0.16046261427122643,0,0,0.005736981465136805
Shirala,1313.1048058468682,8.533451734641178,1.9041159912639989,0.07049194564314465,0,0,0.0048543689320388345
Valva-Islampur,986.8499477854025,6.641147700132967,3.561904168703376,0.18564670490124302,0,0,0.0
Tasgaon,888.9600946613604,10.422658740733612,4.915924460699236,0.6642193849889683,0,0,0.0
Jath,1376.231413888118,4.694681903311445,3.4139723841735146,0.881690611843508,0,0,0.0
,710.3972199167513,10.969503142554345,2.4312563364541955,0.8141256855911618,0,0,0.16768298299589177
Valva-Islampur,560.2388086759836,9.557192241103994,3.5912697839621135,0.6851343098744841,0,0,0.017637540453074432
Jath,1088.0028900106665,8.601890494395274,1.4916827138615503,0.11043186341110267,0,0,0.0048543689320388345
Khanapur-Vita,899.5891551294778,5.215890798199614,4.5546363210615946,0.28918744629594983,0,0,0.0
Khanapur-Vita,795.7534365738574,11.540800319709149,3.0123358031193455,0.309806875322469,1,1,0.9716045516233426
Miraj,1141.6712894598706,8.401897481014267,2.7973989681585683,0.24995694639762123,0,0,0.0
Kadegaon,1048.7601427542397,6.490249492869136,3.3434591538140768,0.5150056597097231,0,0,0.0
Shirala,887.1842738526543,1.383213360155052,3.49913545115761,0.5355538148796726,0,0,0.0
Atpadi,743.9391202658212,9.91745528484809,1.2871032249060521,0.3568859751711102,0,0,0.0048543689320388345
Miraj,1174.491465656029,15.316754790009233,3.7304688848936096,0.353789158736436,0,0,0.00021105951878429716
Kavathemahankal,1130.0402355917322,14.98377764364361,1.9677267212621183,0.8285555979060814,0,0,0.006420294393986846
Atpadi,980.1648272441234,8.628711230241183,3.855810530026359,0.7892928483196856,0,0,0.0
Palus,1369.3273992095333,8.193363818914658,4.290139177536787,0.30779583168074565,0,0,0.0
Tasgaon,785.9830467347695,11.40632276822507,4.215834030210081,0.9137884438732593,1,1,0.9910220273514979
Kavathemahankal,694.8949658150523,7.0048436824351255,3.2100038696315565,0.952815017002506,0,0,0.025002609875769913
Kavathemahankal,861.6183860237511,10.905375699458398,3.0806795692430047,0.32674254203004083,0,0,0.0
